--------------------------------------------------------
-- Archivo creado  - martes-noviembre-29-2022   
--------------------------------------------------------
DROP TABLE "CLTERRITORY"."AUTH_GROUP" cascade constraints;
DROP TABLE "CLTERRITORY"."AUTH_GROUP_PERMISSIONS" cascade constraints;
DROP TABLE "CLTERRITORY"."AUTH_PERMISSION" cascade constraints;
DROP TABLE "CLTERRITORY"."AUTH_USER" cascade constraints;
DROP TABLE "CLTERRITORY"."AUTH_USER_GROUPS" cascade constraints;
DROP TABLE "CLTERRITORY"."AUTH_USER_USER_PERMISSIONS" cascade constraints;
DROP TABLE "CLTERRITORY"."CLTERRITORYAPI_COMUNA" cascade constraints;
DROP TABLE "CLTERRITORY"."CLTERRITORYAPI_REGION" cascade constraints;
DROP TABLE "CLTERRITORY"."DJANGO_ADMIN_LOG" cascade constraints;
DROP TABLE "CLTERRITORY"."DJANGO_CONTENT_TYPE" cascade constraints;
DROP TABLE "CLTERRITORY"."DJANGO_MIGRATIONS" cascade constraints;
DROP TABLE "CLTERRITORY"."DJANGO_SESSION" cascade constraints;
--------------------------------------------------------
--  DDL for Table AUTH_GROUP
--------------------------------------------------------

  CREATE TABLE "CLTERRITORY"."AUTH_GROUP" 
   (	"ID" NUMBER(11,0) GENERATED BY DEFAULT ON NULL AS IDENTITY MINVALUE 1 MAXVALUE 9999999999999999999999999999 INCREMENT BY 1 START WITH 1 CACHE 20 NOORDER  NOCYCLE  NOKEEP  NOSCALE , 
	"NAME" NVARCHAR2(150)
   ) SEGMENT CREATION DEFERRED 
  PCTFREE 10 PCTUSED 40 INITRANS 1 MAXTRANS 255 
 NOCOMPRESS LOGGING
  TABLESPACE "USERS" ;
--------------------------------------------------------
--  DDL for Table AUTH_GROUP_PERMISSIONS
--------------------------------------------------------

  CREATE TABLE "CLTERRITORY"."AUTH_GROUP_PERMISSIONS" 
   (	"ID" NUMBER(19,0) GENERATED BY DEFAULT ON NULL AS IDENTITY MINVALUE 1 MAXVALUE 9999999999999999999999999999 INCREMENT BY 1 START WITH 1 CACHE 20 NOORDER  NOCYCLE  NOKEEP  NOSCALE , 
	"GROUP_ID" NUMBER(11,0), 
	"PERMISSION_ID" NUMBER(11,0)
   ) SEGMENT CREATION DEFERRED 
  PCTFREE 10 PCTUSED 40 INITRANS 1 MAXTRANS 255 
 NOCOMPRESS LOGGING
  TABLESPACE "USERS" ;
--------------------------------------------------------
--  DDL for Table AUTH_PERMISSION
--------------------------------------------------------

  CREATE TABLE "CLTERRITORY"."AUTH_PERMISSION" 
   (	"ID" NUMBER(11,0) GENERATED BY DEFAULT ON NULL AS IDENTITY MINVALUE 1 MAXVALUE 9999999999999999999999999999 INCREMENT BY 1 START WITH 1 CACHE 20 NOORDER  NOCYCLE  NOKEEP  NOSCALE , 
	"NAME" NVARCHAR2(255), 
	"CONTENT_TYPE_ID" NUMBER(11,0), 
	"CODENAME" NVARCHAR2(100)
   ) SEGMENT CREATION IMMEDIATE 
  PCTFREE 10 PCTUSED 40 INITRANS 1 MAXTRANS 255 
 NOCOMPRESS LOGGING
  STORAGE(INITIAL 65536 NEXT 1048576 MINEXTENTS 1 MAXEXTENTS 2147483645
  PCTINCREASE 0 FREELISTS 1 FREELIST GROUPS 1
  BUFFER_POOL DEFAULT FLASH_CACHE DEFAULT CELL_FLASH_CACHE DEFAULT)
  TABLESPACE "USERS" ;
--------------------------------------------------------
--  DDL for Table AUTH_USER
--------------------------------------------------------

  CREATE TABLE "CLTERRITORY"."AUTH_USER" 
   (	"ID" NUMBER(11,0) GENERATED BY DEFAULT ON NULL AS IDENTITY MINVALUE 1 MAXVALUE 9999999999999999999999999999 INCREMENT BY 1 START WITH 1 CACHE 20 NOORDER  NOCYCLE  NOKEEP  NOSCALE , 
	"PASSWORD" NVARCHAR2(128), 
	"LAST_LOGIN" TIMESTAMP (6), 
	"IS_SUPERUSER" NUMBER(1,0), 
	"USERNAME" NVARCHAR2(150), 
	"FIRST_NAME" NVARCHAR2(150), 
	"LAST_NAME" NVARCHAR2(150), 
	"EMAIL" NVARCHAR2(254), 
	"IS_STAFF" NUMBER(1,0), 
	"IS_ACTIVE" NUMBER(1,0), 
	"DATE_JOINED" TIMESTAMP (6)
   ) SEGMENT CREATION DEFERRED 
  PCTFREE 10 PCTUSED 40 INITRANS 1 MAXTRANS 255 
 NOCOMPRESS LOGGING
  TABLESPACE "USERS" ;
--------------------------------------------------------
--  DDL for Table AUTH_USER_GROUPS
--------------------------------------------------------

  CREATE TABLE "CLTERRITORY"."AUTH_USER_GROUPS" 
   (	"ID" NUMBER(19,0) GENERATED BY DEFAULT ON NULL AS IDENTITY MINVALUE 1 MAXVALUE 9999999999999999999999999999 INCREMENT BY 1 START WITH 1 CACHE 20 NOORDER  NOCYCLE  NOKEEP  NOSCALE , 
	"USER_ID" NUMBER(11,0), 
	"GROUP_ID" NUMBER(11,0)
   ) SEGMENT CREATION DEFERRED 
  PCTFREE 10 PCTUSED 40 INITRANS 1 MAXTRANS 255 
 NOCOMPRESS LOGGING
  TABLESPACE "USERS" ;
--------------------------------------------------------
--  DDL for Table AUTH_USER_USER_PERMISSIONS
--------------------------------------------------------

  CREATE TABLE "CLTERRITORY"."AUTH_USER_USER_PERMISSIONS" 
   (	"ID" NUMBER(19,0) GENERATED BY DEFAULT ON NULL AS IDENTITY MINVALUE 1 MAXVALUE 9999999999999999999999999999 INCREMENT BY 1 START WITH 1 CACHE 20 NOORDER  NOCYCLE  NOKEEP  NOSCALE , 
	"USER_ID" NUMBER(11,0), 
	"PERMISSION_ID" NUMBER(11,0)
   ) SEGMENT CREATION DEFERRED 
  PCTFREE 10 PCTUSED 40 INITRANS 1 MAXTRANS 255 
 NOCOMPRESS LOGGING
  TABLESPACE "USERS" ;
--------------------------------------------------------
--  DDL for Table CLTERRITORYAPI_COMUNA
--------------------------------------------------------

  CREATE TABLE "CLTERRITORY"."CLTERRITORYAPI_COMUNA" 
   (	"IDCOMUNA" NUMBER(11,0) GENERATED BY DEFAULT ON NULL AS IDENTITY MINVALUE 1 MAXVALUE 9999999999999999999999999999 INCREMENT BY 1 START WITH 1 CACHE 20 NOORDER  NOCYCLE  NOKEEP  NOSCALE , 
	"NOMBRECOMUNA" NVARCHAR2(50), 
	"IDREGION" NUMBER(11,0)
   ) SEGMENT CREATION IMMEDIATE 
  PCTFREE 10 PCTUSED 40 INITRANS 1 MAXTRANS 255 
 NOCOMPRESS LOGGING
  STORAGE(INITIAL 65536 NEXT 1048576 MINEXTENTS 1 MAXEXTENTS 2147483645
  PCTINCREASE 0 FREELISTS 1 FREELIST GROUPS 1
  BUFFER_POOL DEFAULT FLASH_CACHE DEFAULT CELL_FLASH_CACHE DEFAULT)
  TABLESPACE "USERS" ;
--------------------------------------------------------
--  DDL for Table CLTERRITORYAPI_REGION
--------------------------------------------------------

  CREATE TABLE "CLTERRITORY"."CLTERRITORYAPI_REGION" 
   (	"IDREGION" NUMBER(11,0) GENERATED BY DEFAULT ON NULL AS IDENTITY MINVALUE 1 MAXVALUE 9999999999999999999999999999 INCREMENT BY 1 START WITH 1 CACHE 20 NOORDER  NOCYCLE  NOKEEP  NOSCALE , 
	"NOMBREREGION" NVARCHAR2(50)
   ) SEGMENT CREATION IMMEDIATE 
  PCTFREE 10 PCTUSED 40 INITRANS 1 MAXTRANS 255 
 NOCOMPRESS LOGGING
  STORAGE(INITIAL 65536 NEXT 1048576 MINEXTENTS 1 MAXEXTENTS 2147483645
  PCTINCREASE 0 FREELISTS 1 FREELIST GROUPS 1
  BUFFER_POOL DEFAULT FLASH_CACHE DEFAULT CELL_FLASH_CACHE DEFAULT)
  TABLESPACE "USERS" ;
--------------------------------------------------------
--  DDL for Table DJANGO_ADMIN_LOG
--------------------------------------------------------

  CREATE TABLE "CLTERRITORY"."DJANGO_ADMIN_LOG" 
   (	"ID" NUMBER(11,0) GENERATED BY DEFAULT ON NULL AS IDENTITY MINVALUE 1 MAXVALUE 9999999999999999999999999999 INCREMENT BY 1 START WITH 1 CACHE 20 NOORDER  NOCYCLE  NOKEEP  NOSCALE , 
	"ACTION_TIME" TIMESTAMP (6), 
	"OBJECT_ID" NCLOB, 
	"OBJECT_REPR" NVARCHAR2(200), 
	"ACTION_FLAG" NUMBER(11,0), 
	"CHANGE_MESSAGE" NCLOB, 
	"CONTENT_TYPE_ID" NUMBER(11,0), 
	"USER_ID" NUMBER(11,0)
   ) SEGMENT CREATION DEFERRED 
  PCTFREE 10 PCTUSED 40 INITRANS 1 MAXTRANS 255 
 NOCOMPRESS LOGGING
  TABLESPACE "USERS" 
 LOB ("OBJECT_ID") STORE AS SECUREFILE (
  TABLESPACE "USERS" ENABLE STORAGE IN ROW 4000 CHUNK 8192
  NOCACHE LOGGING  NOCOMPRESS  KEEP_DUPLICATES ) 
 LOB ("CHANGE_MESSAGE") STORE AS SECUREFILE (
  TABLESPACE "USERS" ENABLE STORAGE IN ROW 4000 CHUNK 8192
  NOCACHE LOGGING  NOCOMPRESS  KEEP_DUPLICATES ) ;
--------------------------------------------------------
--  DDL for Table DJANGO_CONTENT_TYPE
--------------------------------------------------------

  CREATE TABLE "CLTERRITORY"."DJANGO_CONTENT_TYPE" 
   (	"ID" NUMBER(11,0) GENERATED BY DEFAULT ON NULL AS IDENTITY MINVALUE 1 MAXVALUE 9999999999999999999999999999 INCREMENT BY 1 START WITH 1 CACHE 20 NOORDER  NOCYCLE  NOKEEP  NOSCALE , 
	"APP_LABEL" NVARCHAR2(100), 
	"MODEL" NVARCHAR2(100)
   ) SEGMENT CREATION IMMEDIATE 
  PCTFREE 10 PCTUSED 40 INITRANS 1 MAXTRANS 255 
 NOCOMPRESS LOGGING
  STORAGE(INITIAL 65536 NEXT 1048576 MINEXTENTS 1 MAXEXTENTS 2147483645
  PCTINCREASE 0 FREELISTS 1 FREELIST GROUPS 1
  BUFFER_POOL DEFAULT FLASH_CACHE DEFAULT CELL_FLASH_CACHE DEFAULT)
  TABLESPACE "USERS" ;
--------------------------------------------------------
--  DDL for Table DJANGO_MIGRATIONS
--------------------------------------------------------

  CREATE TABLE "CLTERRITORY"."DJANGO_MIGRATIONS" 
   (	"ID" NUMBER(19,0) GENERATED BY DEFAULT ON NULL AS IDENTITY MINVALUE 1 MAXVALUE 9999999999999999999999999999 INCREMENT BY 1 START WITH 1 CACHE 20 NOORDER  NOCYCLE  NOKEEP  NOSCALE , 
	"APP" NVARCHAR2(255), 
	"NAME" NVARCHAR2(255), 
	"APPLIED" TIMESTAMP (6)
   ) SEGMENT CREATION IMMEDIATE 
  PCTFREE 10 PCTUSED 40 INITRANS 1 MAXTRANS 255 
 NOCOMPRESS LOGGING
  STORAGE(INITIAL 65536 NEXT 1048576 MINEXTENTS 1 MAXEXTENTS 2147483645
  PCTINCREASE 0 FREELISTS 1 FREELIST GROUPS 1
  BUFFER_POOL DEFAULT FLASH_CACHE DEFAULT CELL_FLASH_CACHE DEFAULT)
  TABLESPACE "USERS" ;
--------------------------------------------------------
--  DDL for Table DJANGO_SESSION
--------------------------------------------------------

  CREATE TABLE "CLTERRITORY"."DJANGO_SESSION" 
   (	"SESSION_KEY" NVARCHAR2(40), 
	"SESSION_DATA" NCLOB, 
	"EXPIRE_DATE" TIMESTAMP (6)
   ) SEGMENT CREATION DEFERRED 
  PCTFREE 10 PCTUSED 40 INITRANS 1 MAXTRANS 255 
 NOCOMPRESS LOGGING
  TABLESPACE "USERS" 
 LOB ("SESSION_DATA") STORE AS SECUREFILE (
  TABLESPACE "USERS" ENABLE STORAGE IN ROW 4000 CHUNK 8192
  NOCACHE LOGGING  NOCOMPRESS  KEEP_DUPLICATES ) ;
REM INSERTING into CLTERRITORY.AUTH_GROUP
SET DEFINE OFF;
REM INSERTING into CLTERRITORY.AUTH_GROUP_PERMISSIONS
SET DEFINE OFF;
REM INSERTING into CLTERRITORY.AUTH_PERMISSION
SET DEFINE OFF;
Insert into CLTERRITORY.AUTH_PERMISSION (ID,NAME,CONTENT_TYPE_ID,CODENAME) values ('25','Can add region','7','add_region');
Insert into CLTERRITORY.AUTH_PERMISSION (ID,NAME,CONTENT_TYPE_ID,CODENAME) values ('26','Can change region','7','change_region');
Insert into CLTERRITORY.AUTH_PERMISSION (ID,NAME,CONTENT_TYPE_ID,CODENAME) values ('27','Can delete region','7','delete_region');
Insert into CLTERRITORY.AUTH_PERMISSION (ID,NAME,CONTENT_TYPE_ID,CODENAME) values ('28','Can view region','7','view_region');
Insert into CLTERRITORY.AUTH_PERMISSION (ID,NAME,CONTENT_TYPE_ID,CODENAME) values ('29','Can add comuna','8','add_comuna');
Insert into CLTERRITORY.AUTH_PERMISSION (ID,NAME,CONTENT_TYPE_ID,CODENAME) values ('30','Can change comuna','8','change_comuna');
Insert into CLTERRITORY.AUTH_PERMISSION (ID,NAME,CONTENT_TYPE_ID,CODENAME) values ('31','Can delete comuna','8','delete_comuna');
Insert into CLTERRITORY.AUTH_PERMISSION (ID,NAME,CONTENT_TYPE_ID,CODENAME) values ('32','Can view comuna','8','view_comuna');
Insert into CLTERRITORY.AUTH_PERMISSION (ID,NAME,CONTENT_TYPE_ID,CODENAME) values ('1','Can add log entry','1','add_logentry');
Insert into CLTERRITORY.AUTH_PERMISSION (ID,NAME,CONTENT_TYPE_ID,CODENAME) values ('2','Can change log entry','1','change_logentry');
Insert into CLTERRITORY.AUTH_PERMISSION (ID,NAME,CONTENT_TYPE_ID,CODENAME) values ('3','Can delete log entry','1','delete_logentry');
Insert into CLTERRITORY.AUTH_PERMISSION (ID,NAME,CONTENT_TYPE_ID,CODENAME) values ('4','Can view log entry','1','view_logentry');
Insert into CLTERRITORY.AUTH_PERMISSION (ID,NAME,CONTENT_TYPE_ID,CODENAME) values ('5','Can add permission','2','add_permission');
Insert into CLTERRITORY.AUTH_PERMISSION (ID,NAME,CONTENT_TYPE_ID,CODENAME) values ('6','Can change permission','2','change_permission');
Insert into CLTERRITORY.AUTH_PERMISSION (ID,NAME,CONTENT_TYPE_ID,CODENAME) values ('7','Can delete permission','2','delete_permission');
Insert into CLTERRITORY.AUTH_PERMISSION (ID,NAME,CONTENT_TYPE_ID,CODENAME) values ('8','Can view permission','2','view_permission');
Insert into CLTERRITORY.AUTH_PERMISSION (ID,NAME,CONTENT_TYPE_ID,CODENAME) values ('9','Can add group','3','add_group');
Insert into CLTERRITORY.AUTH_PERMISSION (ID,NAME,CONTENT_TYPE_ID,CODENAME) values ('10','Can change group','3','change_group');
Insert into CLTERRITORY.AUTH_PERMISSION (ID,NAME,CONTENT_TYPE_ID,CODENAME) values ('11','Can delete group','3','delete_group');
Insert into CLTERRITORY.AUTH_PERMISSION (ID,NAME,CONTENT_TYPE_ID,CODENAME) values ('12','Can view group','3','view_group');
Insert into CLTERRITORY.AUTH_PERMISSION (ID,NAME,CONTENT_TYPE_ID,CODENAME) values ('13','Can add user','4','add_user');
Insert into CLTERRITORY.AUTH_PERMISSION (ID,NAME,CONTENT_TYPE_ID,CODENAME) values ('14','Can change user','4','change_user');
Insert into CLTERRITORY.AUTH_PERMISSION (ID,NAME,CONTENT_TYPE_ID,CODENAME) values ('15','Can delete user','4','delete_user');
Insert into CLTERRITORY.AUTH_PERMISSION (ID,NAME,CONTENT_TYPE_ID,CODENAME) values ('16','Can view user','4','view_user');
Insert into CLTERRITORY.AUTH_PERMISSION (ID,NAME,CONTENT_TYPE_ID,CODENAME) values ('17','Can add content type','5','add_contenttype');
Insert into CLTERRITORY.AUTH_PERMISSION (ID,NAME,CONTENT_TYPE_ID,CODENAME) values ('18','Can change content type','5','change_contenttype');
Insert into CLTERRITORY.AUTH_PERMISSION (ID,NAME,CONTENT_TYPE_ID,CODENAME) values ('19','Can delete content type','5','delete_contenttype');
Insert into CLTERRITORY.AUTH_PERMISSION (ID,NAME,CONTENT_TYPE_ID,CODENAME) values ('20','Can view content type','5','view_contenttype');
Insert into CLTERRITORY.AUTH_PERMISSION (ID,NAME,CONTENT_TYPE_ID,CODENAME) values ('21','Can add session','6','add_session');
Insert into CLTERRITORY.AUTH_PERMISSION (ID,NAME,CONTENT_TYPE_ID,CODENAME) values ('22','Can change session','6','change_session');
Insert into CLTERRITORY.AUTH_PERMISSION (ID,NAME,CONTENT_TYPE_ID,CODENAME) values ('23','Can delete session','6','delete_session');
Insert into CLTERRITORY.AUTH_PERMISSION (ID,NAME,CONTENT_TYPE_ID,CODENAME) values ('24','Can view session','6','view_session');
REM INSERTING into CLTERRITORY.AUTH_USER
SET DEFINE OFF;
REM INSERTING into CLTERRITORY.AUTH_USER_GROUPS
SET DEFINE OFF;
REM INSERTING into CLTERRITORY.AUTH_USER_USER_PERMISSIONS
SET DEFINE OFF;
REM INSERTING into CLTERRITORY.CLTERRITORYAPI_COMUNA
SET DEFINE OFF;
Insert into CLTERRITORY.CLTERRITORYAPI_COMUNA (IDCOMUNA,NOMBRECOMUNA,IDREGION) values ('1','Alto Hospicio','1');
Insert into CLTERRITORY.CLTERRITORYAPI_COMUNA (IDCOMUNA,NOMBRECOMUNA,IDREGION) values ('2','Camiña','1');
Insert into CLTERRITORY.CLTERRITORYAPI_COMUNA (IDCOMUNA,NOMBRECOMUNA,IDREGION) values ('3','Colchane','1');
Insert into CLTERRITORY.CLTERRITORYAPI_COMUNA (IDCOMUNA,NOMBRECOMUNA,IDREGION) values ('4','Huara','1');
Insert into CLTERRITORY.CLTERRITORYAPI_COMUNA (IDCOMUNA,NOMBRECOMUNA,IDREGION) values ('5','Iquique','1');
Insert into CLTERRITORY.CLTERRITORYAPI_COMUNA (IDCOMUNA,NOMBRECOMUNA,IDREGION) values ('6','Pica','1');
Insert into CLTERRITORY.CLTERRITORYAPI_COMUNA (IDCOMUNA,NOMBRECOMUNA,IDREGION) values ('7','Pozo Almonte','1');
Insert into CLTERRITORY.CLTERRITORYAPI_COMUNA (IDCOMUNA,NOMBRECOMUNA,IDREGION) values ('8','Antofagasta','2');
Insert into CLTERRITORY.CLTERRITORYAPI_COMUNA (IDCOMUNA,NOMBRECOMUNA,IDREGION) values ('9','Calama','2');
Insert into CLTERRITORY.CLTERRITORYAPI_COMUNA (IDCOMUNA,NOMBRECOMUNA,IDREGION) values ('10','María Elena','2');
Insert into CLTERRITORY.CLTERRITORYAPI_COMUNA (IDCOMUNA,NOMBRECOMUNA,IDREGION) values ('11','Mejillones','2');
Insert into CLTERRITORY.CLTERRITORYAPI_COMUNA (IDCOMUNA,NOMBRECOMUNA,IDREGION) values ('12','Ollagüe','2');
Insert into CLTERRITORY.CLTERRITORYAPI_COMUNA (IDCOMUNA,NOMBRECOMUNA,IDREGION) values ('13','San Pedro de Atacama','2');
Insert into CLTERRITORY.CLTERRITORYAPI_COMUNA (IDCOMUNA,NOMBRECOMUNA,IDREGION) values ('14','Sierra Gorda','2');
Insert into CLTERRITORY.CLTERRITORYAPI_COMUNA (IDCOMUNA,NOMBRECOMUNA,IDREGION) values ('15','Taltal','2');
Insert into CLTERRITORY.CLTERRITORYAPI_COMUNA (IDCOMUNA,NOMBRECOMUNA,IDREGION) values ('16','Tocopilla','2');
Insert into CLTERRITORY.CLTERRITORYAPI_COMUNA (IDCOMUNA,NOMBRECOMUNA,IDREGION) values ('17','Alto del Carmen','3');
Insert into CLTERRITORY.CLTERRITORYAPI_COMUNA (IDCOMUNA,NOMBRECOMUNA,IDREGION) values ('18','Caldera','3');
Insert into CLTERRITORY.CLTERRITORYAPI_COMUNA (IDCOMUNA,NOMBRECOMUNA,IDREGION) values ('19','Chañaral','3');
Insert into CLTERRITORY.CLTERRITORYAPI_COMUNA (IDCOMUNA,NOMBRECOMUNA,IDREGION) values ('20','Copiapó','3');
Insert into CLTERRITORY.CLTERRITORYAPI_COMUNA (IDCOMUNA,NOMBRECOMUNA,IDREGION) values ('21','Diego de Almagro','3');
Insert into CLTERRITORY.CLTERRITORYAPI_COMUNA (IDCOMUNA,NOMBRECOMUNA,IDREGION) values ('22','Freirina','3');
Insert into CLTERRITORY.CLTERRITORYAPI_COMUNA (IDCOMUNA,NOMBRECOMUNA,IDREGION) values ('23','Huasco','3');
Insert into CLTERRITORY.CLTERRITORYAPI_COMUNA (IDCOMUNA,NOMBRECOMUNA,IDREGION) values ('24','Tierra Amarilla','3');
Insert into CLTERRITORY.CLTERRITORYAPI_COMUNA (IDCOMUNA,NOMBRECOMUNA,IDREGION) values ('25','Vallenar','3');
Insert into CLTERRITORY.CLTERRITORYAPI_COMUNA (IDCOMUNA,NOMBRECOMUNA,IDREGION) values ('26','Andacollo','4');
Insert into CLTERRITORY.CLTERRITORYAPI_COMUNA (IDCOMUNA,NOMBRECOMUNA,IDREGION) values ('27','Canela','4');
Insert into CLTERRITORY.CLTERRITORYAPI_COMUNA (IDCOMUNA,NOMBRECOMUNA,IDREGION) values ('28','Combarbalá','4');
Insert into CLTERRITORY.CLTERRITORYAPI_COMUNA (IDCOMUNA,NOMBRECOMUNA,IDREGION) values ('29','Coquimbo','4');
Insert into CLTERRITORY.CLTERRITORYAPI_COMUNA (IDCOMUNA,NOMBRECOMUNA,IDREGION) values ('30','Illapel','4');
Insert into CLTERRITORY.CLTERRITORYAPI_COMUNA (IDCOMUNA,NOMBRECOMUNA,IDREGION) values ('31','La Higuera','4');
Insert into CLTERRITORY.CLTERRITORYAPI_COMUNA (IDCOMUNA,NOMBRECOMUNA,IDREGION) values ('32','La Serena','4');
Insert into CLTERRITORY.CLTERRITORYAPI_COMUNA (IDCOMUNA,NOMBRECOMUNA,IDREGION) values ('33','Los Vilos','4');
Insert into CLTERRITORY.CLTERRITORYAPI_COMUNA (IDCOMUNA,NOMBRECOMUNA,IDREGION) values ('34','Monte Patria','4');
Insert into CLTERRITORY.CLTERRITORYAPI_COMUNA (IDCOMUNA,NOMBRECOMUNA,IDREGION) values ('35','Ovalle','4');
Insert into CLTERRITORY.CLTERRITORYAPI_COMUNA (IDCOMUNA,NOMBRECOMUNA,IDREGION) values ('36','Paiguano','4');
Insert into CLTERRITORY.CLTERRITORYAPI_COMUNA (IDCOMUNA,NOMBRECOMUNA,IDREGION) values ('37','Punitaqui','4');
Insert into CLTERRITORY.CLTERRITORYAPI_COMUNA (IDCOMUNA,NOMBRECOMUNA,IDREGION) values ('38','Río Hurtado','4');
Insert into CLTERRITORY.CLTERRITORYAPI_COMUNA (IDCOMUNA,NOMBRECOMUNA,IDREGION) values ('39','Salamanca','4');
Insert into CLTERRITORY.CLTERRITORYAPI_COMUNA (IDCOMUNA,NOMBRECOMUNA,IDREGION) values ('40','Vicuña','4');
Insert into CLTERRITORY.CLTERRITORYAPI_COMUNA (IDCOMUNA,NOMBRECOMUNA,IDREGION) values ('41','Algarrobo','5');
Insert into CLTERRITORY.CLTERRITORYAPI_COMUNA (IDCOMUNA,NOMBRECOMUNA,IDREGION) values ('42','Cabildo','5');
Insert into CLTERRITORY.CLTERRITORYAPI_COMUNA (IDCOMUNA,NOMBRECOMUNA,IDREGION) values ('43','Calle Larga','5');
Insert into CLTERRITORY.CLTERRITORYAPI_COMUNA (IDCOMUNA,NOMBRECOMUNA,IDREGION) values ('44','Cartagena','5');
Insert into CLTERRITORY.CLTERRITORYAPI_COMUNA (IDCOMUNA,NOMBRECOMUNA,IDREGION) values ('45','Casablanca','5');
Insert into CLTERRITORY.CLTERRITORYAPI_COMUNA (IDCOMUNA,NOMBRECOMUNA,IDREGION) values ('46','Catemu','5');
Insert into CLTERRITORY.CLTERRITORYAPI_COMUNA (IDCOMUNA,NOMBRECOMUNA,IDREGION) values ('47','Concón','5');
Insert into CLTERRITORY.CLTERRITORYAPI_COMUNA (IDCOMUNA,NOMBRECOMUNA,IDREGION) values ('48','El Quisco','5');
Insert into CLTERRITORY.CLTERRITORYAPI_COMUNA (IDCOMUNA,NOMBRECOMUNA,IDREGION) values ('49','El Tabo','5');
Insert into CLTERRITORY.CLTERRITORYAPI_COMUNA (IDCOMUNA,NOMBRECOMUNA,IDREGION) values ('50','Hijuela','5');
Insert into CLTERRITORY.CLTERRITORYAPI_COMUNA (IDCOMUNA,NOMBRECOMUNA,IDREGION) values ('51','Isla de Pascua','5');
Insert into CLTERRITORY.CLTERRITORYAPI_COMUNA (IDCOMUNA,NOMBRECOMUNA,IDREGION) values ('52','Juan Fernández','5');
Insert into CLTERRITORY.CLTERRITORYAPI_COMUNA (IDCOMUNA,NOMBRECOMUNA,IDREGION) values ('53','La Calera','5');
Insert into CLTERRITORY.CLTERRITORYAPI_COMUNA (IDCOMUNA,NOMBRECOMUNA,IDREGION) values ('54','La Cruz','5');
Insert into CLTERRITORY.CLTERRITORYAPI_COMUNA (IDCOMUNA,NOMBRECOMUNA,IDREGION) values ('55','La Ligua','5');
Insert into CLTERRITORY.CLTERRITORYAPI_COMUNA (IDCOMUNA,NOMBRECOMUNA,IDREGION) values ('56','Limache','5');
Insert into CLTERRITORY.CLTERRITORYAPI_COMUNA (IDCOMUNA,NOMBRECOMUNA,IDREGION) values ('57','Llaillay','5');
Insert into CLTERRITORY.CLTERRITORYAPI_COMUNA (IDCOMUNA,NOMBRECOMUNA,IDREGION) values ('58','Los Andes','5');
Insert into CLTERRITORY.CLTERRITORYAPI_COMUNA (IDCOMUNA,NOMBRECOMUNA,IDREGION) values ('59','Nogales','5');
Insert into CLTERRITORY.CLTERRITORYAPI_COMUNA (IDCOMUNA,NOMBRECOMUNA,IDREGION) values ('60','Olmué','5');
Insert into CLTERRITORY.CLTERRITORYAPI_COMUNA (IDCOMUNA,NOMBRECOMUNA,IDREGION) values ('61','Panquehue','5');
Insert into CLTERRITORY.CLTERRITORYAPI_COMUNA (IDCOMUNA,NOMBRECOMUNA,IDREGION) values ('62','Papudo','5');
Insert into CLTERRITORY.CLTERRITORYAPI_COMUNA (IDCOMUNA,NOMBRECOMUNA,IDREGION) values ('63','Petorca','5');
Insert into CLTERRITORY.CLTERRITORYAPI_COMUNA (IDCOMUNA,NOMBRECOMUNA,IDREGION) values ('64','Puchuncaví','5');
Insert into CLTERRITORY.CLTERRITORYAPI_COMUNA (IDCOMUNA,NOMBRECOMUNA,IDREGION) values ('65','Putaendo','5');
Insert into CLTERRITORY.CLTERRITORYAPI_COMUNA (IDCOMUNA,NOMBRECOMUNA,IDREGION) values ('66','Quillota','5');
Insert into CLTERRITORY.CLTERRITORYAPI_COMUNA (IDCOMUNA,NOMBRECOMUNA,IDREGION) values ('67','Quilpué','5');
Insert into CLTERRITORY.CLTERRITORYAPI_COMUNA (IDCOMUNA,NOMBRECOMUNA,IDREGION) values ('68','Quintero','5');
Insert into CLTERRITORY.CLTERRITORYAPI_COMUNA (IDCOMUNA,NOMBRECOMUNA,IDREGION) values ('69','Rinconada','5');
Insert into CLTERRITORY.CLTERRITORYAPI_COMUNA (IDCOMUNA,NOMBRECOMUNA,IDREGION) values ('70','San Antonio','5');
Insert into CLTERRITORY.CLTERRITORYAPI_COMUNA (IDCOMUNA,NOMBRECOMUNA,IDREGION) values ('71','San Esteban','5');
Insert into CLTERRITORY.CLTERRITORYAPI_COMUNA (IDCOMUNA,NOMBRECOMUNA,IDREGION) values ('72','San Felipe','5');
Insert into CLTERRITORY.CLTERRITORYAPI_COMUNA (IDCOMUNA,NOMBRECOMUNA,IDREGION) values ('73','Santa María','5');
Insert into CLTERRITORY.CLTERRITORYAPI_COMUNA (IDCOMUNA,NOMBRECOMUNA,IDREGION) values ('74','Santo Domingo','5');
Insert into CLTERRITORY.CLTERRITORYAPI_COMUNA (IDCOMUNA,NOMBRECOMUNA,IDREGION) values ('75','Valparaíso','5');
Insert into CLTERRITORY.CLTERRITORYAPI_COMUNA (IDCOMUNA,NOMBRECOMUNA,IDREGION) values ('76','Villa Alemana','5');
Insert into CLTERRITORY.CLTERRITORYAPI_COMUNA (IDCOMUNA,NOMBRECOMUNA,IDREGION) values ('77','Viña del Mar','5');
Insert into CLTERRITORY.CLTERRITORYAPI_COMUNA (IDCOMUNA,NOMBRECOMUNA,IDREGION) values ('78','Zapallar','5');
Insert into CLTERRITORY.CLTERRITORYAPI_COMUNA (IDCOMUNA,NOMBRECOMUNA,IDREGION) values ('79','Chépica','6');
Insert into CLTERRITORY.CLTERRITORYAPI_COMUNA (IDCOMUNA,NOMBRECOMUNA,IDREGION) values ('80','Chimbarongo','6');
Insert into CLTERRITORY.CLTERRITORYAPI_COMUNA (IDCOMUNA,NOMBRECOMUNA,IDREGION) values ('81','Codegua','6');
Insert into CLTERRITORY.CLTERRITORYAPI_COMUNA (IDCOMUNA,NOMBRECOMUNA,IDREGION) values ('82','Coinco','6');
Insert into CLTERRITORY.CLTERRITORYAPI_COMUNA (IDCOMUNA,NOMBRECOMUNA,IDREGION) values ('83','Coltauco','6');
Insert into CLTERRITORY.CLTERRITORYAPI_COMUNA (IDCOMUNA,NOMBRECOMUNA,IDREGION) values ('84','Doñihue','6');
Insert into CLTERRITORY.CLTERRITORYAPI_COMUNA (IDCOMUNA,NOMBRECOMUNA,IDREGION) values ('85','Graneros','6');
Insert into CLTERRITORY.CLTERRITORYAPI_COMUNA (IDCOMUNA,NOMBRECOMUNA,IDREGION) values ('86','La Estrella','6');
Insert into CLTERRITORY.CLTERRITORYAPI_COMUNA (IDCOMUNA,NOMBRECOMUNA,IDREGION) values ('87','Las Cabras','6');
Insert into CLTERRITORY.CLTERRITORYAPI_COMUNA (IDCOMUNA,NOMBRECOMUNA,IDREGION) values ('88','Litueche','6');
Insert into CLTERRITORY.CLTERRITORYAPI_COMUNA (IDCOMUNA,NOMBRECOMUNA,IDREGION) values ('89','Lolol','6');
Insert into CLTERRITORY.CLTERRITORYAPI_COMUNA (IDCOMUNA,NOMBRECOMUNA,IDREGION) values ('90','Machalí','6');
Insert into CLTERRITORY.CLTERRITORYAPI_COMUNA (IDCOMUNA,NOMBRECOMUNA,IDREGION) values ('91','Malloa','6');
Insert into CLTERRITORY.CLTERRITORYAPI_COMUNA (IDCOMUNA,NOMBRECOMUNA,IDREGION) values ('92','Marchihue','6');
Insert into CLTERRITORY.CLTERRITORYAPI_COMUNA (IDCOMUNA,NOMBRECOMUNA,IDREGION) values ('93','Mostazal','6');
Insert into CLTERRITORY.CLTERRITORYAPI_COMUNA (IDCOMUNA,NOMBRECOMUNA,IDREGION) values ('94','Nancagua','6');
Insert into CLTERRITORY.CLTERRITORYAPI_COMUNA (IDCOMUNA,NOMBRECOMUNA,IDREGION) values ('95','Navidad','6');
Insert into CLTERRITORY.CLTERRITORYAPI_COMUNA (IDCOMUNA,NOMBRECOMUNA,IDREGION) values ('96','Olivar','6');
Insert into CLTERRITORY.CLTERRITORYAPI_COMUNA (IDCOMUNA,NOMBRECOMUNA,IDREGION) values ('97','Palmilla','6');
Insert into CLTERRITORY.CLTERRITORYAPI_COMUNA (IDCOMUNA,NOMBRECOMUNA,IDREGION) values ('98','Paredones','6');
Insert into CLTERRITORY.CLTERRITORYAPI_COMUNA (IDCOMUNA,NOMBRECOMUNA,IDREGION) values ('99','Peralillo','6');
Insert into CLTERRITORY.CLTERRITORYAPI_COMUNA (IDCOMUNA,NOMBRECOMUNA,IDREGION) values ('100','Peumo','6');
Insert into CLTERRITORY.CLTERRITORYAPI_COMUNA (IDCOMUNA,NOMBRECOMUNA,IDREGION) values ('101','Pichidegua','6');
Insert into CLTERRITORY.CLTERRITORYAPI_COMUNA (IDCOMUNA,NOMBRECOMUNA,IDREGION) values ('102','Pichilemu','6');
Insert into CLTERRITORY.CLTERRITORYAPI_COMUNA (IDCOMUNA,NOMBRECOMUNA,IDREGION) values ('103','Placilla','6');
Insert into CLTERRITORY.CLTERRITORYAPI_COMUNA (IDCOMUNA,NOMBRECOMUNA,IDREGION) values ('104','Pumanque','6');
Insert into CLTERRITORY.CLTERRITORYAPI_COMUNA (IDCOMUNA,NOMBRECOMUNA,IDREGION) values ('105','Quinta de Tilcoco','6');
Insert into CLTERRITORY.CLTERRITORYAPI_COMUNA (IDCOMUNA,NOMBRECOMUNA,IDREGION) values ('106','Rancagua','6');
Insert into CLTERRITORY.CLTERRITORYAPI_COMUNA (IDCOMUNA,NOMBRECOMUNA,IDREGION) values ('107','Rengo','6');
Insert into CLTERRITORY.CLTERRITORYAPI_COMUNA (IDCOMUNA,NOMBRECOMUNA,IDREGION) values ('108','Requínoa','6');
Insert into CLTERRITORY.CLTERRITORYAPI_COMUNA (IDCOMUNA,NOMBRECOMUNA,IDREGION) values ('109','San Fernando','6');
Insert into CLTERRITORY.CLTERRITORYAPI_COMUNA (IDCOMUNA,NOMBRECOMUNA,IDREGION) values ('110','San Vicente','6');
Insert into CLTERRITORY.CLTERRITORYAPI_COMUNA (IDCOMUNA,NOMBRECOMUNA,IDREGION) values ('111','Santa Cruz','6');
Insert into CLTERRITORY.CLTERRITORYAPI_COMUNA (IDCOMUNA,NOMBRECOMUNA,IDREGION) values ('112','Cauquenes','7');
Insert into CLTERRITORY.CLTERRITORYAPI_COMUNA (IDCOMUNA,NOMBRECOMUNA,IDREGION) values ('113','Chanco','7');
Insert into CLTERRITORY.CLTERRITORYAPI_COMUNA (IDCOMUNA,NOMBRECOMUNA,IDREGION) values ('114','Colbún','7');
Insert into CLTERRITORY.CLTERRITORYAPI_COMUNA (IDCOMUNA,NOMBRECOMUNA,IDREGION) values ('115','Constitución','7');
Insert into CLTERRITORY.CLTERRITORYAPI_COMUNA (IDCOMUNA,NOMBRECOMUNA,IDREGION) values ('116','Curepto','7');
Insert into CLTERRITORY.CLTERRITORYAPI_COMUNA (IDCOMUNA,NOMBRECOMUNA,IDREGION) values ('117','Curicó','7');
Insert into CLTERRITORY.CLTERRITORYAPI_COMUNA (IDCOMUNA,NOMBRECOMUNA,IDREGION) values ('118','Empedrado','7');
Insert into CLTERRITORY.CLTERRITORYAPI_COMUNA (IDCOMUNA,NOMBRECOMUNA,IDREGION) values ('119','Hualañé','7');
Insert into CLTERRITORY.CLTERRITORYAPI_COMUNA (IDCOMUNA,NOMBRECOMUNA,IDREGION) values ('120','Licantén','7');
Insert into CLTERRITORY.CLTERRITORYAPI_COMUNA (IDCOMUNA,NOMBRECOMUNA,IDREGION) values ('121','Linares','7');
Insert into CLTERRITORY.CLTERRITORYAPI_COMUNA (IDCOMUNA,NOMBRECOMUNA,IDREGION) values ('122','Longaví','7');
Insert into CLTERRITORY.CLTERRITORYAPI_COMUNA (IDCOMUNA,NOMBRECOMUNA,IDREGION) values ('123','Maule','7');
Insert into CLTERRITORY.CLTERRITORYAPI_COMUNA (IDCOMUNA,NOMBRECOMUNA,IDREGION) values ('124','Molina','7');
Insert into CLTERRITORY.CLTERRITORYAPI_COMUNA (IDCOMUNA,NOMBRECOMUNA,IDREGION) values ('125','Parral','7');
Insert into CLTERRITORY.CLTERRITORYAPI_COMUNA (IDCOMUNA,NOMBRECOMUNA,IDREGION) values ('126','Pelarco','7');
Insert into CLTERRITORY.CLTERRITORYAPI_COMUNA (IDCOMUNA,NOMBRECOMUNA,IDREGION) values ('127','Pelluhue','7');
Insert into CLTERRITORY.CLTERRITORYAPI_COMUNA (IDCOMUNA,NOMBRECOMUNA,IDREGION) values ('128','Pencahue','7');
Insert into CLTERRITORY.CLTERRITORYAPI_COMUNA (IDCOMUNA,NOMBRECOMUNA,IDREGION) values ('129','Rauco','7');
Insert into CLTERRITORY.CLTERRITORYAPI_COMUNA (IDCOMUNA,NOMBRECOMUNA,IDREGION) values ('130','Retiro','7');
Insert into CLTERRITORY.CLTERRITORYAPI_COMUNA (IDCOMUNA,NOMBRECOMUNA,IDREGION) values ('131','Río Claro','7');
Insert into CLTERRITORY.CLTERRITORYAPI_COMUNA (IDCOMUNA,NOMBRECOMUNA,IDREGION) values ('132','Romeral','7');
Insert into CLTERRITORY.CLTERRITORYAPI_COMUNA (IDCOMUNA,NOMBRECOMUNA,IDREGION) values ('133','Sagrada Familia','7');
Insert into CLTERRITORY.CLTERRITORYAPI_COMUNA (IDCOMUNA,NOMBRECOMUNA,IDREGION) values ('134','San Clemente','7');
Insert into CLTERRITORY.CLTERRITORYAPI_COMUNA (IDCOMUNA,NOMBRECOMUNA,IDREGION) values ('135','San Javier','7');
Insert into CLTERRITORY.CLTERRITORYAPI_COMUNA (IDCOMUNA,NOMBRECOMUNA,IDREGION) values ('136','San Rafael','7');
Insert into CLTERRITORY.CLTERRITORYAPI_COMUNA (IDCOMUNA,NOMBRECOMUNA,IDREGION) values ('137','Talca','7');
Insert into CLTERRITORY.CLTERRITORYAPI_COMUNA (IDCOMUNA,NOMBRECOMUNA,IDREGION) values ('138','Teno','7');
Insert into CLTERRITORY.CLTERRITORYAPI_COMUNA (IDCOMUNA,NOMBRECOMUNA,IDREGION) values ('139','Vichuquén','7');
Insert into CLTERRITORY.CLTERRITORYAPI_COMUNA (IDCOMUNA,NOMBRECOMUNA,IDREGION) values ('140','Villa Alegre','7');
Insert into CLTERRITORY.CLTERRITORYAPI_COMUNA (IDCOMUNA,NOMBRECOMUNA,IDREGION) values ('141','Yerbas Buenas','7');
Insert into CLTERRITORY.CLTERRITORYAPI_COMUNA (IDCOMUNA,NOMBRECOMUNA,IDREGION) values ('142','Alto Biobío','8');
Insert into CLTERRITORY.CLTERRITORYAPI_COMUNA (IDCOMUNA,NOMBRECOMUNA,IDREGION) values ('143','Antuco','8');
Insert into CLTERRITORY.CLTERRITORYAPI_COMUNA (IDCOMUNA,NOMBRECOMUNA,IDREGION) values ('144','Arauco','8');
Insert into CLTERRITORY.CLTERRITORYAPI_COMUNA (IDCOMUNA,NOMBRECOMUNA,IDREGION) values ('145','Cabrero','8');
Insert into CLTERRITORY.CLTERRITORYAPI_COMUNA (IDCOMUNA,NOMBRECOMUNA,IDREGION) values ('146','Cañete','8');
Insert into CLTERRITORY.CLTERRITORYAPI_COMUNA (IDCOMUNA,NOMBRECOMUNA,IDREGION) values ('147','Chiguayante','8');
Insert into CLTERRITORY.CLTERRITORYAPI_COMUNA (IDCOMUNA,NOMBRECOMUNA,IDREGION) values ('148','Concepción','8');
Insert into CLTERRITORY.CLTERRITORYAPI_COMUNA (IDCOMUNA,NOMBRECOMUNA,IDREGION) values ('149','Contulmo','8');
Insert into CLTERRITORY.CLTERRITORYAPI_COMUNA (IDCOMUNA,NOMBRECOMUNA,IDREGION) values ('150','Coronel','8');
Insert into CLTERRITORY.CLTERRITORYAPI_COMUNA (IDCOMUNA,NOMBRECOMUNA,IDREGION) values ('151','Curanilahue','8');
Insert into CLTERRITORY.CLTERRITORYAPI_COMUNA (IDCOMUNA,NOMBRECOMUNA,IDREGION) values ('152','Florida','8');
Insert into CLTERRITORY.CLTERRITORYAPI_COMUNA (IDCOMUNA,NOMBRECOMUNA,IDREGION) values ('153','Hualpén','8');
Insert into CLTERRITORY.CLTERRITORYAPI_COMUNA (IDCOMUNA,NOMBRECOMUNA,IDREGION) values ('154','Hualqui','8');
Insert into CLTERRITORY.CLTERRITORYAPI_COMUNA (IDCOMUNA,NOMBRECOMUNA,IDREGION) values ('155','Laja','8');
Insert into CLTERRITORY.CLTERRITORYAPI_COMUNA (IDCOMUNA,NOMBRECOMUNA,IDREGION) values ('156','Lebu','8');
Insert into CLTERRITORY.CLTERRITORYAPI_COMUNA (IDCOMUNA,NOMBRECOMUNA,IDREGION) values ('157','Los Álamos','8');
Insert into CLTERRITORY.CLTERRITORYAPI_COMUNA (IDCOMUNA,NOMBRECOMUNA,IDREGION) values ('158','Los Ángeles','8');
Insert into CLTERRITORY.CLTERRITORYAPI_COMUNA (IDCOMUNA,NOMBRECOMUNA,IDREGION) values ('159','Lota','8');
Insert into CLTERRITORY.CLTERRITORYAPI_COMUNA (IDCOMUNA,NOMBRECOMUNA,IDREGION) values ('160','Mulchén','8');
Insert into CLTERRITORY.CLTERRITORYAPI_COMUNA (IDCOMUNA,NOMBRECOMUNA,IDREGION) values ('161','Nacimiento','8');
Insert into CLTERRITORY.CLTERRITORYAPI_COMUNA (IDCOMUNA,NOMBRECOMUNA,IDREGION) values ('162','Negrete','8');
Insert into CLTERRITORY.CLTERRITORYAPI_COMUNA (IDCOMUNA,NOMBRECOMUNA,IDREGION) values ('163','Penco','8');
Insert into CLTERRITORY.CLTERRITORYAPI_COMUNA (IDCOMUNA,NOMBRECOMUNA,IDREGION) values ('164','Quilaco','8');
Insert into CLTERRITORY.CLTERRITORYAPI_COMUNA (IDCOMUNA,NOMBRECOMUNA,IDREGION) values ('165','Quilleco','8');
Insert into CLTERRITORY.CLTERRITORYAPI_COMUNA (IDCOMUNA,NOMBRECOMUNA,IDREGION) values ('166','San Pedro de la Paz','8');
Insert into CLTERRITORY.CLTERRITORYAPI_COMUNA (IDCOMUNA,NOMBRECOMUNA,IDREGION) values ('167','San Rosendo','8');
Insert into CLTERRITORY.CLTERRITORYAPI_COMUNA (IDCOMUNA,NOMBRECOMUNA,IDREGION) values ('168','Santa Bárbara','8');
Insert into CLTERRITORY.CLTERRITORYAPI_COMUNA (IDCOMUNA,NOMBRECOMUNA,IDREGION) values ('169','Santa Juana','8');
Insert into CLTERRITORY.CLTERRITORYAPI_COMUNA (IDCOMUNA,NOMBRECOMUNA,IDREGION) values ('170','Talcahuano','8');
Insert into CLTERRITORY.CLTERRITORYAPI_COMUNA (IDCOMUNA,NOMBRECOMUNA,IDREGION) values ('171','Tirúa','8');
Insert into CLTERRITORY.CLTERRITORYAPI_COMUNA (IDCOMUNA,NOMBRECOMUNA,IDREGION) values ('172','Tomé','8');
Insert into CLTERRITORY.CLTERRITORYAPI_COMUNA (IDCOMUNA,NOMBRECOMUNA,IDREGION) values ('173','Tucapel','8');
Insert into CLTERRITORY.CLTERRITORYAPI_COMUNA (IDCOMUNA,NOMBRECOMUNA,IDREGION) values ('174','Yumbel','8');
Insert into CLTERRITORY.CLTERRITORYAPI_COMUNA (IDCOMUNA,NOMBRECOMUNA,IDREGION) values ('175','Angol','9');
Insert into CLTERRITORY.CLTERRITORYAPI_COMUNA (IDCOMUNA,NOMBRECOMUNA,IDREGION) values ('176','Carahue','9');
Insert into CLTERRITORY.CLTERRITORYAPI_COMUNA (IDCOMUNA,NOMBRECOMUNA,IDREGION) values ('177','Cholchol','9');
Insert into CLTERRITORY.CLTERRITORYAPI_COMUNA (IDCOMUNA,NOMBRECOMUNA,IDREGION) values ('178','Collipulli','9');
Insert into CLTERRITORY.CLTERRITORYAPI_COMUNA (IDCOMUNA,NOMBRECOMUNA,IDREGION) values ('179','Cunco','9');
Insert into CLTERRITORY.CLTERRITORYAPI_COMUNA (IDCOMUNA,NOMBRECOMUNA,IDREGION) values ('180','Curacautín','9');
Insert into CLTERRITORY.CLTERRITORYAPI_COMUNA (IDCOMUNA,NOMBRECOMUNA,IDREGION) values ('181','Curarrehue','9');
Insert into CLTERRITORY.CLTERRITORYAPI_COMUNA (IDCOMUNA,NOMBRECOMUNA,IDREGION) values ('182','Ercilla','9');
Insert into CLTERRITORY.CLTERRITORYAPI_COMUNA (IDCOMUNA,NOMBRECOMUNA,IDREGION) values ('183','Freire','9');
Insert into CLTERRITORY.CLTERRITORYAPI_COMUNA (IDCOMUNA,NOMBRECOMUNA,IDREGION) values ('184','Galvarino','9');
Insert into CLTERRITORY.CLTERRITORYAPI_COMUNA (IDCOMUNA,NOMBRECOMUNA,IDREGION) values ('185','Gorbea','9');
Insert into CLTERRITORY.CLTERRITORYAPI_COMUNA (IDCOMUNA,NOMBRECOMUNA,IDREGION) values ('186','Lautaro','9');
Insert into CLTERRITORY.CLTERRITORYAPI_COMUNA (IDCOMUNA,NOMBRECOMUNA,IDREGION) values ('187','Loncoche','9');
Insert into CLTERRITORY.CLTERRITORYAPI_COMUNA (IDCOMUNA,NOMBRECOMUNA,IDREGION) values ('188','Lonquimay','9');
Insert into CLTERRITORY.CLTERRITORYAPI_COMUNA (IDCOMUNA,NOMBRECOMUNA,IDREGION) values ('189','Los Sauces','9');
Insert into CLTERRITORY.CLTERRITORYAPI_COMUNA (IDCOMUNA,NOMBRECOMUNA,IDREGION) values ('190','Lumaco','9');
Insert into CLTERRITORY.CLTERRITORYAPI_COMUNA (IDCOMUNA,NOMBRECOMUNA,IDREGION) values ('191','Melipeuco','9');
Insert into CLTERRITORY.CLTERRITORYAPI_COMUNA (IDCOMUNA,NOMBRECOMUNA,IDREGION) values ('192','Nueva Imperial','9');
Insert into CLTERRITORY.CLTERRITORYAPI_COMUNA (IDCOMUNA,NOMBRECOMUNA,IDREGION) values ('193','Padre Las Casas','9');
Insert into CLTERRITORY.CLTERRITORYAPI_COMUNA (IDCOMUNA,NOMBRECOMUNA,IDREGION) values ('194','Perquenco','9');
Insert into CLTERRITORY.CLTERRITORYAPI_COMUNA (IDCOMUNA,NOMBRECOMUNA,IDREGION) values ('195','Pitrufquén','9');
Insert into CLTERRITORY.CLTERRITORYAPI_COMUNA (IDCOMUNA,NOMBRECOMUNA,IDREGION) values ('196','Pucón','9');
Insert into CLTERRITORY.CLTERRITORYAPI_COMUNA (IDCOMUNA,NOMBRECOMUNA,IDREGION) values ('197','Purén','9');
Insert into CLTERRITORY.CLTERRITORYAPI_COMUNA (IDCOMUNA,NOMBRECOMUNA,IDREGION) values ('198','Renaico','9');
Insert into CLTERRITORY.CLTERRITORYAPI_COMUNA (IDCOMUNA,NOMBRECOMUNA,IDREGION) values ('199','Saavedra','9');
Insert into CLTERRITORY.CLTERRITORYAPI_COMUNA (IDCOMUNA,NOMBRECOMUNA,IDREGION) values ('200','Temuco','9');
Insert into CLTERRITORY.CLTERRITORYAPI_COMUNA (IDCOMUNA,NOMBRECOMUNA,IDREGION) values ('201','Teodoro Schmidt','9');
Insert into CLTERRITORY.CLTERRITORYAPI_COMUNA (IDCOMUNA,NOMBRECOMUNA,IDREGION) values ('202','Toltén','9');
Insert into CLTERRITORY.CLTERRITORYAPI_COMUNA (IDCOMUNA,NOMBRECOMUNA,IDREGION) values ('203','Traiguén','9');
Insert into CLTERRITORY.CLTERRITORYAPI_COMUNA (IDCOMUNA,NOMBRECOMUNA,IDREGION) values ('204','Victoria','9');
Insert into CLTERRITORY.CLTERRITORYAPI_COMUNA (IDCOMUNA,NOMBRECOMUNA,IDREGION) values ('205','Vilcún','9');
Insert into CLTERRITORY.CLTERRITORYAPI_COMUNA (IDCOMUNA,NOMBRECOMUNA,IDREGION) values ('206','Villarrica','9');
Insert into CLTERRITORY.CLTERRITORYAPI_COMUNA (IDCOMUNA,NOMBRECOMUNA,IDREGION) values ('207','Ancud','10');
Insert into CLTERRITORY.CLTERRITORYAPI_COMUNA (IDCOMUNA,NOMBRECOMUNA,IDREGION) values ('208','Calbuco','10');
Insert into CLTERRITORY.CLTERRITORYAPI_COMUNA (IDCOMUNA,NOMBRECOMUNA,IDREGION) values ('209','Castro','10');
Insert into CLTERRITORY.CLTERRITORYAPI_COMUNA (IDCOMUNA,NOMBRECOMUNA,IDREGION) values ('210','Chaitén','10');
Insert into CLTERRITORY.CLTERRITORYAPI_COMUNA (IDCOMUNA,NOMBRECOMUNA,IDREGION) values ('211','Chonchi','10');
Insert into CLTERRITORY.CLTERRITORYAPI_COMUNA (IDCOMUNA,NOMBRECOMUNA,IDREGION) values ('212','Cochamó','10');
Insert into CLTERRITORY.CLTERRITORYAPI_COMUNA (IDCOMUNA,NOMBRECOMUNA,IDREGION) values ('213','Curaco de Vélez','10');
Insert into CLTERRITORY.CLTERRITORYAPI_COMUNA (IDCOMUNA,NOMBRECOMUNA,IDREGION) values ('214','Dalcahue','10');
Insert into CLTERRITORY.CLTERRITORYAPI_COMUNA (IDCOMUNA,NOMBRECOMUNA,IDREGION) values ('215','Fresia','10');
Insert into CLTERRITORY.CLTERRITORYAPI_COMUNA (IDCOMUNA,NOMBRECOMUNA,IDREGION) values ('216','Frutillar','10');
Insert into CLTERRITORY.CLTERRITORYAPI_COMUNA (IDCOMUNA,NOMBRECOMUNA,IDREGION) values ('217','Futaleufú','10');
Insert into CLTERRITORY.CLTERRITORYAPI_COMUNA (IDCOMUNA,NOMBRECOMUNA,IDREGION) values ('218','Hualaihué','10');
Insert into CLTERRITORY.CLTERRITORYAPI_COMUNA (IDCOMUNA,NOMBRECOMUNA,IDREGION) values ('219','Llanquihue','10');
Insert into CLTERRITORY.CLTERRITORYAPI_COMUNA (IDCOMUNA,NOMBRECOMUNA,IDREGION) values ('220','Los Muermos','10');
Insert into CLTERRITORY.CLTERRITORYAPI_COMUNA (IDCOMUNA,NOMBRECOMUNA,IDREGION) values ('221','Maullín','10');
Insert into CLTERRITORY.CLTERRITORYAPI_COMUNA (IDCOMUNA,NOMBRECOMUNA,IDREGION) values ('222','Osorno','10');
Insert into CLTERRITORY.CLTERRITORYAPI_COMUNA (IDCOMUNA,NOMBRECOMUNA,IDREGION) values ('223','Palena','10');
Insert into CLTERRITORY.CLTERRITORYAPI_COMUNA (IDCOMUNA,NOMBRECOMUNA,IDREGION) values ('224','Puerto Montt','10');
Insert into CLTERRITORY.CLTERRITORYAPI_COMUNA (IDCOMUNA,NOMBRECOMUNA,IDREGION) values ('225','Puerto Octay','10');
Insert into CLTERRITORY.CLTERRITORYAPI_COMUNA (IDCOMUNA,NOMBRECOMUNA,IDREGION) values ('226','Puerto Varas','10');
Insert into CLTERRITORY.CLTERRITORYAPI_COMUNA (IDCOMUNA,NOMBRECOMUNA,IDREGION) values ('227','Puqueldón','10');
Insert into CLTERRITORY.CLTERRITORYAPI_COMUNA (IDCOMUNA,NOMBRECOMUNA,IDREGION) values ('228','Purranque','10');
Insert into CLTERRITORY.CLTERRITORYAPI_COMUNA (IDCOMUNA,NOMBRECOMUNA,IDREGION) values ('229','Puyehue','10');
Insert into CLTERRITORY.CLTERRITORYAPI_COMUNA (IDCOMUNA,NOMBRECOMUNA,IDREGION) values ('230','Queilén','10');
Insert into CLTERRITORY.CLTERRITORYAPI_COMUNA (IDCOMUNA,NOMBRECOMUNA,IDREGION) values ('231','Quellón','10');
Insert into CLTERRITORY.CLTERRITORYAPI_COMUNA (IDCOMUNA,NOMBRECOMUNA,IDREGION) values ('232','Quemchi','10');
Insert into CLTERRITORY.CLTERRITORYAPI_COMUNA (IDCOMUNA,NOMBRECOMUNA,IDREGION) values ('233','Quinchao','10');
Insert into CLTERRITORY.CLTERRITORYAPI_COMUNA (IDCOMUNA,NOMBRECOMUNA,IDREGION) values ('234','Río Negro','10');
Insert into CLTERRITORY.CLTERRITORYAPI_COMUNA (IDCOMUNA,NOMBRECOMUNA,IDREGION) values ('235','San Juan de la Costa','10');
Insert into CLTERRITORY.CLTERRITORYAPI_COMUNA (IDCOMUNA,NOMBRECOMUNA,IDREGION) values ('236','San Pablo','10');
Insert into CLTERRITORY.CLTERRITORYAPI_COMUNA (IDCOMUNA,NOMBRECOMUNA,IDREGION) values ('237','Aysén','11');
Insert into CLTERRITORY.CLTERRITORYAPI_COMUNA (IDCOMUNA,NOMBRECOMUNA,IDREGION) values ('238','Chile Chico','11');
Insert into CLTERRITORY.CLTERRITORYAPI_COMUNA (IDCOMUNA,NOMBRECOMUNA,IDREGION) values ('239','Cisnes','11');
Insert into CLTERRITORY.CLTERRITORYAPI_COMUNA (IDCOMUNA,NOMBRECOMUNA,IDREGION) values ('240','Cochrane','11');
Insert into CLTERRITORY.CLTERRITORYAPI_COMUNA (IDCOMUNA,NOMBRECOMUNA,IDREGION) values ('241','Coyhaique','11');
Insert into CLTERRITORY.CLTERRITORYAPI_COMUNA (IDCOMUNA,NOMBRECOMUNA,IDREGION) values ('242','Guaitecas','11');
Insert into CLTERRITORY.CLTERRITORYAPI_COMUNA (IDCOMUNA,NOMBRECOMUNA,IDREGION) values ('243','Lago Verde','11');
Insert into CLTERRITORY.CLTERRITORYAPI_COMUNA (IDCOMUNA,NOMBRECOMUNA,IDREGION) values ('244','O´Higgins','11');
Insert into CLTERRITORY.CLTERRITORYAPI_COMUNA (IDCOMUNA,NOMBRECOMUNA,IDREGION) values ('245','Río Ibáñez','11');
Insert into CLTERRITORY.CLTERRITORYAPI_COMUNA (IDCOMUNA,NOMBRECOMUNA,IDREGION) values ('246','Tortel','11');
Insert into CLTERRITORY.CLTERRITORYAPI_COMUNA (IDCOMUNA,NOMBRECOMUNA,IDREGION) values ('247','Antártica','12');
Insert into CLTERRITORY.CLTERRITORYAPI_COMUNA (IDCOMUNA,NOMBRECOMUNA,IDREGION) values ('248','Cabo de Hornos','12');
Insert into CLTERRITORY.CLTERRITORYAPI_COMUNA (IDCOMUNA,NOMBRECOMUNA,IDREGION) values ('249','Laguna Blanca','12');
Insert into CLTERRITORY.CLTERRITORYAPI_COMUNA (IDCOMUNA,NOMBRECOMUNA,IDREGION) values ('250','Natales','12');
Insert into CLTERRITORY.CLTERRITORYAPI_COMUNA (IDCOMUNA,NOMBRECOMUNA,IDREGION) values ('251','Porvenir','12');
Insert into CLTERRITORY.CLTERRITORYAPI_COMUNA (IDCOMUNA,NOMBRECOMUNA,IDREGION) values ('252','Primavera','12');
Insert into CLTERRITORY.CLTERRITORYAPI_COMUNA (IDCOMUNA,NOMBRECOMUNA,IDREGION) values ('253','Punta Arenas','12');
Insert into CLTERRITORY.CLTERRITORYAPI_COMUNA (IDCOMUNA,NOMBRECOMUNA,IDREGION) values ('254','Río Verde','12');
Insert into CLTERRITORY.CLTERRITORYAPI_COMUNA (IDCOMUNA,NOMBRECOMUNA,IDREGION) values ('255','San Gregorio','12');
Insert into CLTERRITORY.CLTERRITORYAPI_COMUNA (IDCOMUNA,NOMBRECOMUNA,IDREGION) values ('256','Timaukel','12');
Insert into CLTERRITORY.CLTERRITORYAPI_COMUNA (IDCOMUNA,NOMBRECOMUNA,IDREGION) values ('257','Torres del Paine','12');
Insert into CLTERRITORY.CLTERRITORYAPI_COMUNA (IDCOMUNA,NOMBRECOMUNA,IDREGION) values ('258','Alhué','13');
Insert into CLTERRITORY.CLTERRITORYAPI_COMUNA (IDCOMUNA,NOMBRECOMUNA,IDREGION) values ('259','Buin','13');
Insert into CLTERRITORY.CLTERRITORYAPI_COMUNA (IDCOMUNA,NOMBRECOMUNA,IDREGION) values ('260','Calera de Tango','13');
Insert into CLTERRITORY.CLTERRITORYAPI_COMUNA (IDCOMUNA,NOMBRECOMUNA,IDREGION) values ('261','Cerrillos','13');
Insert into CLTERRITORY.CLTERRITORYAPI_COMUNA (IDCOMUNA,NOMBRECOMUNA,IDREGION) values ('262','Cerro Navia','13');
Insert into CLTERRITORY.CLTERRITORYAPI_COMUNA (IDCOMUNA,NOMBRECOMUNA,IDREGION) values ('263','Colina','13');
Insert into CLTERRITORY.CLTERRITORYAPI_COMUNA (IDCOMUNA,NOMBRECOMUNA,IDREGION) values ('264','Conchalí','13');
Insert into CLTERRITORY.CLTERRITORYAPI_COMUNA (IDCOMUNA,NOMBRECOMUNA,IDREGION) values ('265','Curacaví','13');
Insert into CLTERRITORY.CLTERRITORYAPI_COMUNA (IDCOMUNA,NOMBRECOMUNA,IDREGION) values ('266','El Bosque','13');
Insert into CLTERRITORY.CLTERRITORYAPI_COMUNA (IDCOMUNA,NOMBRECOMUNA,IDREGION) values ('267','El Monte','13');
Insert into CLTERRITORY.CLTERRITORYAPI_COMUNA (IDCOMUNA,NOMBRECOMUNA,IDREGION) values ('268','Estación Central','13');
Insert into CLTERRITORY.CLTERRITORYAPI_COMUNA (IDCOMUNA,NOMBRECOMUNA,IDREGION) values ('269','Huechuraba','13');
Insert into CLTERRITORY.CLTERRITORYAPI_COMUNA (IDCOMUNA,NOMBRECOMUNA,IDREGION) values ('270','Independencia','13');
Insert into CLTERRITORY.CLTERRITORYAPI_COMUNA (IDCOMUNA,NOMBRECOMUNA,IDREGION) values ('271','Isla de Maipo','13');
Insert into CLTERRITORY.CLTERRITORYAPI_COMUNA (IDCOMUNA,NOMBRECOMUNA,IDREGION) values ('272','La Cisterna','13');
Insert into CLTERRITORY.CLTERRITORYAPI_COMUNA (IDCOMUNA,NOMBRECOMUNA,IDREGION) values ('273','La Florida','13');
Insert into CLTERRITORY.CLTERRITORYAPI_COMUNA (IDCOMUNA,NOMBRECOMUNA,IDREGION) values ('274','La Granja','13');
Insert into CLTERRITORY.CLTERRITORYAPI_COMUNA (IDCOMUNA,NOMBRECOMUNA,IDREGION) values ('275','La Pintana','13');
Insert into CLTERRITORY.CLTERRITORYAPI_COMUNA (IDCOMUNA,NOMBRECOMUNA,IDREGION) values ('276','La Reina','13');
Insert into CLTERRITORY.CLTERRITORYAPI_COMUNA (IDCOMUNA,NOMBRECOMUNA,IDREGION) values ('277','Lampa','13');
Insert into CLTERRITORY.CLTERRITORYAPI_COMUNA (IDCOMUNA,NOMBRECOMUNA,IDREGION) values ('278','Las Condes','13');
Insert into CLTERRITORY.CLTERRITORYAPI_COMUNA (IDCOMUNA,NOMBRECOMUNA,IDREGION) values ('279','Lo Barnechea','13');
Insert into CLTERRITORY.CLTERRITORYAPI_COMUNA (IDCOMUNA,NOMBRECOMUNA,IDREGION) values ('280','Lo Espejo','13');
Insert into CLTERRITORY.CLTERRITORYAPI_COMUNA (IDCOMUNA,NOMBRECOMUNA,IDREGION) values ('281','Lo Prado','13');
Insert into CLTERRITORY.CLTERRITORYAPI_COMUNA (IDCOMUNA,NOMBRECOMUNA,IDREGION) values ('282','Macul','13');
Insert into CLTERRITORY.CLTERRITORYAPI_COMUNA (IDCOMUNA,NOMBRECOMUNA,IDREGION) values ('283','Maipú','13');
Insert into CLTERRITORY.CLTERRITORYAPI_COMUNA (IDCOMUNA,NOMBRECOMUNA,IDREGION) values ('284','María Pinto','13');
Insert into CLTERRITORY.CLTERRITORYAPI_COMUNA (IDCOMUNA,NOMBRECOMUNA,IDREGION) values ('285','Melipilla','13');
Insert into CLTERRITORY.CLTERRITORYAPI_COMUNA (IDCOMUNA,NOMBRECOMUNA,IDREGION) values ('286','Ñuñoa','13');
Insert into CLTERRITORY.CLTERRITORYAPI_COMUNA (IDCOMUNA,NOMBRECOMUNA,IDREGION) values ('287','Padre Hurtado','13');
Insert into CLTERRITORY.CLTERRITORYAPI_COMUNA (IDCOMUNA,NOMBRECOMUNA,IDREGION) values ('288','Paine','13');
Insert into CLTERRITORY.CLTERRITORYAPI_COMUNA (IDCOMUNA,NOMBRECOMUNA,IDREGION) values ('289','Pedro Aguirre Cerda','13');
Insert into CLTERRITORY.CLTERRITORYAPI_COMUNA (IDCOMUNA,NOMBRECOMUNA,IDREGION) values ('290','Peñaflor','13');
Insert into CLTERRITORY.CLTERRITORYAPI_COMUNA (IDCOMUNA,NOMBRECOMUNA,IDREGION) values ('291','Peñalolén','13');
Insert into CLTERRITORY.CLTERRITORYAPI_COMUNA (IDCOMUNA,NOMBRECOMUNA,IDREGION) values ('292','Pirque','13');
Insert into CLTERRITORY.CLTERRITORYAPI_COMUNA (IDCOMUNA,NOMBRECOMUNA,IDREGION) values ('293','Providencia','13');
Insert into CLTERRITORY.CLTERRITORYAPI_COMUNA (IDCOMUNA,NOMBRECOMUNA,IDREGION) values ('294','Pudahuel','13');
Insert into CLTERRITORY.CLTERRITORYAPI_COMUNA (IDCOMUNA,NOMBRECOMUNA,IDREGION) values ('295','Puente Alto','13');
Insert into CLTERRITORY.CLTERRITORYAPI_COMUNA (IDCOMUNA,NOMBRECOMUNA,IDREGION) values ('296','Quilicura','13');
Insert into CLTERRITORY.CLTERRITORYAPI_COMUNA (IDCOMUNA,NOMBRECOMUNA,IDREGION) values ('297','Quinta Normal','13');
Insert into CLTERRITORY.CLTERRITORYAPI_COMUNA (IDCOMUNA,NOMBRECOMUNA,IDREGION) values ('298','Recoleta','13');
Insert into CLTERRITORY.CLTERRITORYAPI_COMUNA (IDCOMUNA,NOMBRECOMUNA,IDREGION) values ('299','Renca','13');
Insert into CLTERRITORY.CLTERRITORYAPI_COMUNA (IDCOMUNA,NOMBRECOMUNA,IDREGION) values ('300','San Bernardo','13');
Insert into CLTERRITORY.CLTERRITORYAPI_COMUNA (IDCOMUNA,NOMBRECOMUNA,IDREGION) values ('301','San Joaquín','13');
Insert into CLTERRITORY.CLTERRITORYAPI_COMUNA (IDCOMUNA,NOMBRECOMUNA,IDREGION) values ('302','San José  de Maipo','13');
Insert into CLTERRITORY.CLTERRITORYAPI_COMUNA (IDCOMUNA,NOMBRECOMUNA,IDREGION) values ('303','San Miguel','13');
Insert into CLTERRITORY.CLTERRITORYAPI_COMUNA (IDCOMUNA,NOMBRECOMUNA,IDREGION) values ('304','San Pedro','13');
Insert into CLTERRITORY.CLTERRITORYAPI_COMUNA (IDCOMUNA,NOMBRECOMUNA,IDREGION) values ('305','San Ramón','13');
Insert into CLTERRITORY.CLTERRITORYAPI_COMUNA (IDCOMUNA,NOMBRECOMUNA,IDREGION) values ('306','Santiago','13');
Insert into CLTERRITORY.CLTERRITORYAPI_COMUNA (IDCOMUNA,NOMBRECOMUNA,IDREGION) values ('307','Talagante','13');
Insert into CLTERRITORY.CLTERRITORYAPI_COMUNA (IDCOMUNA,NOMBRECOMUNA,IDREGION) values ('308','Tiltil','13');
Insert into CLTERRITORY.CLTERRITORYAPI_COMUNA (IDCOMUNA,NOMBRECOMUNA,IDREGION) values ('309','Vitacura','13');
Insert into CLTERRITORY.CLTERRITORYAPI_COMUNA (IDCOMUNA,NOMBRECOMUNA,IDREGION) values ('310','Corral','14');
Insert into CLTERRITORY.CLTERRITORYAPI_COMUNA (IDCOMUNA,NOMBRECOMUNA,IDREGION) values ('311','Futrono','14');
Insert into CLTERRITORY.CLTERRITORYAPI_COMUNA (IDCOMUNA,NOMBRECOMUNA,IDREGION) values ('312','La Unión','14');
Insert into CLTERRITORY.CLTERRITORYAPI_COMUNA (IDCOMUNA,NOMBRECOMUNA,IDREGION) values ('313','Lago Ranco','14');
Insert into CLTERRITORY.CLTERRITORYAPI_COMUNA (IDCOMUNA,NOMBRECOMUNA,IDREGION) values ('314','Lanco','14');
Insert into CLTERRITORY.CLTERRITORYAPI_COMUNA (IDCOMUNA,NOMBRECOMUNA,IDREGION) values ('315','Los Lagos','14');
Insert into CLTERRITORY.CLTERRITORYAPI_COMUNA (IDCOMUNA,NOMBRECOMUNA,IDREGION) values ('316','Máfil','14');
Insert into CLTERRITORY.CLTERRITORYAPI_COMUNA (IDCOMUNA,NOMBRECOMUNA,IDREGION) values ('317','Mariquina','14');
Insert into CLTERRITORY.CLTERRITORYAPI_COMUNA (IDCOMUNA,NOMBRECOMUNA,IDREGION) values ('318','Paillaco','14');
Insert into CLTERRITORY.CLTERRITORYAPI_COMUNA (IDCOMUNA,NOMBRECOMUNA,IDREGION) values ('319','Panguipulli','14');
Insert into CLTERRITORY.CLTERRITORYAPI_COMUNA (IDCOMUNA,NOMBRECOMUNA,IDREGION) values ('320','Río Bueno','14');
Insert into CLTERRITORY.CLTERRITORYAPI_COMUNA (IDCOMUNA,NOMBRECOMUNA,IDREGION) values ('321','Valdivia','14');
Insert into CLTERRITORY.CLTERRITORYAPI_COMUNA (IDCOMUNA,NOMBRECOMUNA,IDREGION) values ('322','Arica','15');
Insert into CLTERRITORY.CLTERRITORYAPI_COMUNA (IDCOMUNA,NOMBRECOMUNA,IDREGION) values ('323','Camarones','15');
Insert into CLTERRITORY.CLTERRITORYAPI_COMUNA (IDCOMUNA,NOMBRECOMUNA,IDREGION) values ('324','General Lagos','15');
Insert into CLTERRITORY.CLTERRITORYAPI_COMUNA (IDCOMUNA,NOMBRECOMUNA,IDREGION) values ('325','Putre','15');
Insert into CLTERRITORY.CLTERRITORYAPI_COMUNA (IDCOMUNA,NOMBRECOMUNA,IDREGION) values ('326','Bulnes','16');
Insert into CLTERRITORY.CLTERRITORYAPI_COMUNA (IDCOMUNA,NOMBRECOMUNA,IDREGION) values ('327','Chillán','16');
Insert into CLTERRITORY.CLTERRITORYAPI_COMUNA (IDCOMUNA,NOMBRECOMUNA,IDREGION) values ('328','Chillán Viejo','16');
Insert into CLTERRITORY.CLTERRITORYAPI_COMUNA (IDCOMUNA,NOMBRECOMUNA,IDREGION) values ('329','Cobquecura','16');
Insert into CLTERRITORY.CLTERRITORYAPI_COMUNA (IDCOMUNA,NOMBRECOMUNA,IDREGION) values ('330','Coelemu','16');
Insert into CLTERRITORY.CLTERRITORYAPI_COMUNA (IDCOMUNA,NOMBRECOMUNA,IDREGION) values ('331','Coihueco','16');
Insert into CLTERRITORY.CLTERRITORYAPI_COMUNA (IDCOMUNA,NOMBRECOMUNA,IDREGION) values ('332','El Carmen','16');
Insert into CLTERRITORY.CLTERRITORYAPI_COMUNA (IDCOMUNA,NOMBRECOMUNA,IDREGION) values ('333','Ninhue','16');
Insert into CLTERRITORY.CLTERRITORYAPI_COMUNA (IDCOMUNA,NOMBRECOMUNA,IDREGION) values ('334','Ñiquén','16');
Insert into CLTERRITORY.CLTERRITORYAPI_COMUNA (IDCOMUNA,NOMBRECOMUNA,IDREGION) values ('335','Pemuco','16');
Insert into CLTERRITORY.CLTERRITORYAPI_COMUNA (IDCOMUNA,NOMBRECOMUNA,IDREGION) values ('336','Pinto','16');
Insert into CLTERRITORY.CLTERRITORYAPI_COMUNA (IDCOMUNA,NOMBRECOMUNA,IDREGION) values ('337','Portezuelo','16');
Insert into CLTERRITORY.CLTERRITORYAPI_COMUNA (IDCOMUNA,NOMBRECOMUNA,IDREGION) values ('338','Quillón','16');
Insert into CLTERRITORY.CLTERRITORYAPI_COMUNA (IDCOMUNA,NOMBRECOMUNA,IDREGION) values ('339','Quirihue','16');
Insert into CLTERRITORY.CLTERRITORYAPI_COMUNA (IDCOMUNA,NOMBRECOMUNA,IDREGION) values ('340','Ránquil','16');
Insert into CLTERRITORY.CLTERRITORYAPI_COMUNA (IDCOMUNA,NOMBRECOMUNA,IDREGION) values ('341','San Carlos','16');
Insert into CLTERRITORY.CLTERRITORYAPI_COMUNA (IDCOMUNA,NOMBRECOMUNA,IDREGION) values ('342','San Fabián','16');
Insert into CLTERRITORY.CLTERRITORYAPI_COMUNA (IDCOMUNA,NOMBRECOMUNA,IDREGION) values ('343','San Ignacio','16');
Insert into CLTERRITORY.CLTERRITORYAPI_COMUNA (IDCOMUNA,NOMBRECOMUNA,IDREGION) values ('344','San Nicolás','16');
Insert into CLTERRITORY.CLTERRITORYAPI_COMUNA (IDCOMUNA,NOMBRECOMUNA,IDREGION) values ('345','Treguaco','16');
Insert into CLTERRITORY.CLTERRITORYAPI_COMUNA (IDCOMUNA,NOMBRECOMUNA,IDREGION) values ('346','Yungay','16');
REM INSERTING into CLTERRITORY.CLTERRITORYAPI_REGION
SET DEFINE OFF;
Insert into CLTERRITORY.CLTERRITORYAPI_REGION (IDREGION,NOMBREREGION) values ('1','I Tarapacá');
Insert into CLTERRITORY.CLTERRITORYAPI_REGION (IDREGION,NOMBREREGION) values ('2','II Antofagasta');
Insert into CLTERRITORY.CLTERRITORYAPI_REGION (IDREGION,NOMBREREGION) values ('3','III Atacama');
Insert into CLTERRITORY.CLTERRITORYAPI_REGION (IDREGION,NOMBREREGION) values ('4','IV Coquimbo');
Insert into CLTERRITORY.CLTERRITORYAPI_REGION (IDREGION,NOMBREREGION) values ('5','V Valparaíso');
Insert into CLTERRITORY.CLTERRITORYAPI_REGION (IDREGION,NOMBREREGION) values ('6','VI OHiggins');
Insert into CLTERRITORY.CLTERRITORYAPI_REGION (IDREGION,NOMBREREGION) values ('7','VII Maule');
Insert into CLTERRITORY.CLTERRITORYAPI_REGION (IDREGION,NOMBREREGION) values ('8','VIII Biobío');
Insert into CLTERRITORY.CLTERRITORYAPI_REGION (IDREGION,NOMBREREGION) values ('9','IX La Araucanía');
Insert into CLTERRITORY.CLTERRITORYAPI_REGION (IDREGION,NOMBREREGION) values ('10','X Los Lagos');
Insert into CLTERRITORY.CLTERRITORYAPI_REGION (IDREGION,NOMBREREGION) values ('11','XI Aysén');
Insert into CLTERRITORY.CLTERRITORYAPI_REGION (IDREGION,NOMBREREGION) values ('12','XII Magallanes y la Antártica');
Insert into CLTERRITORY.CLTERRITORYAPI_REGION (IDREGION,NOMBREREGION) values ('13','XIII Región Metropolitana');
Insert into CLTERRITORY.CLTERRITORYAPI_REGION (IDREGION,NOMBREREGION) values ('14','XIV Los Ríos');
Insert into CLTERRITORY.CLTERRITORYAPI_REGION (IDREGION,NOMBREREGION) values ('15','XV Arica y Parinacota');
Insert into CLTERRITORY.CLTERRITORYAPI_REGION (IDREGION,NOMBREREGION) values ('16','XVI Ñuble');
REM INSERTING into CLTERRITORY.DJANGO_ADMIN_LOG
SET DEFINE OFF;
REM INSERTING into CLTERRITORY.DJANGO_CONTENT_TYPE
SET DEFINE OFF;
Insert into CLTERRITORY.DJANGO_CONTENT_TYPE (ID,APP_LABEL,MODEL) values ('7','ClTerritoryApi','region');
Insert into CLTERRITORY.DJANGO_CONTENT_TYPE (ID,APP_LABEL,MODEL) values ('8','ClTerritoryApi','comuna');
Insert into CLTERRITORY.DJANGO_CONTENT_TYPE (ID,APP_LABEL,MODEL) values ('1','admin','logentry');
Insert into CLTERRITORY.DJANGO_CONTENT_TYPE (ID,APP_LABEL,MODEL) values ('2','auth','permission');
Insert into CLTERRITORY.DJANGO_CONTENT_TYPE (ID,APP_LABEL,MODEL) values ('3','auth','group');
Insert into CLTERRITORY.DJANGO_CONTENT_TYPE (ID,APP_LABEL,MODEL) values ('4','auth','user');
Insert into CLTERRITORY.DJANGO_CONTENT_TYPE (ID,APP_LABEL,MODEL) values ('5','contenttypes','contenttype');
Insert into CLTERRITORY.DJANGO_CONTENT_TYPE (ID,APP_LABEL,MODEL) values ('6','sessions','session');
REM INSERTING into CLTERRITORY.DJANGO_MIGRATIONS
SET DEFINE OFF;
Insert into CLTERRITORY.DJANGO_MIGRATIONS (ID,APP,NAME,APPLIED) values ('19','ClTerritoryApi','0001_initial',to_timestamp('14/11/22 09:24:52,748383000','DD/MM/RR HH24:MI:SSXFF'));
Insert into CLTERRITORY.DJANGO_MIGRATIONS (ID,APP,NAME,APPLIED) values ('1','contenttypes','0001_initial',to_timestamp('14/11/22 09:09:45,035572000','DD/MM/RR HH24:MI:SSXFF'));
Insert into CLTERRITORY.DJANGO_MIGRATIONS (ID,APP,NAME,APPLIED) values ('2','auth','0001_initial',to_timestamp('14/11/22 09:09:45,269156000','DD/MM/RR HH24:MI:SSXFF'));
Insert into CLTERRITORY.DJANGO_MIGRATIONS (ID,APP,NAME,APPLIED) values ('3','admin','0001_initial',to_timestamp('14/11/22 09:09:45,347160000','DD/MM/RR HH24:MI:SSXFF'));
Insert into CLTERRITORY.DJANGO_MIGRATIONS (ID,APP,NAME,APPLIED) values ('4','admin','0002_logentry_remove_auto_add',to_timestamp('14/11/22 09:09:45,361955000','DD/MM/RR HH24:MI:SSXFF'));
Insert into CLTERRITORY.DJANGO_MIGRATIONS (ID,APP,NAME,APPLIED) values ('5','admin','0003_logentry_add_action_flag_choices',to_timestamp('14/11/22 09:09:45,374685000','DD/MM/RR HH24:MI:SSXFF'));
Insert into CLTERRITORY.DJANGO_MIGRATIONS (ID,APP,NAME,APPLIED) values ('6','contenttypes','0002_remove_content_type_name',to_timestamp('14/11/22 09:09:45,700718000','DD/MM/RR HH24:MI:SSXFF'));
Insert into CLTERRITORY.DJANGO_MIGRATIONS (ID,APP,NAME,APPLIED) values ('7','auth','0002_alter_permission_name_max_length',to_timestamp('14/11/22 09:09:45,738878000','DD/MM/RR HH24:MI:SSXFF'));
Insert into CLTERRITORY.DJANGO_MIGRATIONS (ID,APP,NAME,APPLIED) values ('8','auth','0003_alter_user_email_max_length',to_timestamp('14/11/22 09:09:45,791307000','DD/MM/RR HH24:MI:SSXFF'));
Insert into CLTERRITORY.DJANGO_MIGRATIONS (ID,APP,NAME,APPLIED) values ('9','auth','0004_alter_user_username_opts',to_timestamp('14/11/22 09:09:45,806078000','DD/MM/RR HH24:MI:SSXFF'));
Insert into CLTERRITORY.DJANGO_MIGRATIONS (ID,APP,NAME,APPLIED) values ('10','auth','0005_alter_user_last_login_null',to_timestamp('14/11/22 09:09:45,841225000','DD/MM/RR HH24:MI:SSXFF'));
Insert into CLTERRITORY.DJANGO_MIGRATIONS (ID,APP,NAME,APPLIED) values ('11','auth','0006_require_contenttypes_0002',to_timestamp('14/11/22 09:09:45,859569000','DD/MM/RR HH24:MI:SSXFF'));
Insert into CLTERRITORY.DJANGO_MIGRATIONS (ID,APP,NAME,APPLIED) values ('12','auth','0007_alter_validators_add_error_messages',to_timestamp('14/11/22 09:09:45,878439000','DD/MM/RR HH24:MI:SSXFF'));
Insert into CLTERRITORY.DJANGO_MIGRATIONS (ID,APP,NAME,APPLIED) values ('13','auth','0008_alter_user_username_max_length',to_timestamp('14/11/22 09:09:45,903892000','DD/MM/RR HH24:MI:SSXFF'));
Insert into CLTERRITORY.DJANGO_MIGRATIONS (ID,APP,NAME,APPLIED) values ('14','auth','0009_alter_user_last_name_max_length',to_timestamp('14/11/22 09:09:45,928328000','DD/MM/RR HH24:MI:SSXFF'));
Insert into CLTERRITORY.DJANGO_MIGRATIONS (ID,APP,NAME,APPLIED) values ('15','auth','0010_alter_group_name_max_length',to_timestamp('14/11/22 09:09:45,950346000','DD/MM/RR HH24:MI:SSXFF'));
Insert into CLTERRITORY.DJANGO_MIGRATIONS (ID,APP,NAME,APPLIED) values ('16','auth','0011_update_proxy_permissions',to_timestamp('14/11/22 09:09:45,964110000','DD/MM/RR HH24:MI:SSXFF'));
Insert into CLTERRITORY.DJANGO_MIGRATIONS (ID,APP,NAME,APPLIED) values ('17','auth','0012_alter_user_first_name_max_length',to_timestamp('14/11/22 09:09:45,985020000','DD/MM/RR HH24:MI:SSXFF'));
Insert into CLTERRITORY.DJANGO_MIGRATIONS (ID,APP,NAME,APPLIED) values ('18','sessions','0001_initial',to_timestamp('14/11/22 09:09:46,011041000','DD/MM/RR HH24:MI:SSXFF'));
REM INSERTING into CLTERRITORY.DJANGO_SESSION
SET DEFINE OFF;
--------------------------------------------------------
--  DDL for Index AUTH_GROU_GROUP_ID__0CD325B0_U
--------------------------------------------------------

  CREATE UNIQUE INDEX "CLTERRITORY"."AUTH_GROU_GROUP_ID__0CD325B0_U" ON "CLTERRITORY"."AUTH_GROUP_PERMISSIONS" ("GROUP_ID", "PERMISSION_ID") 
  PCTFREE 10 INITRANS 2 MAXTRANS 255 COMPUTE STATISTICS 
  TABLESPACE "USERS" ;
--------------------------------------------------------
--  DDL for Index AUTH_PERM_CONTENT_T_01AB375A_U
--------------------------------------------------------

  CREATE UNIQUE INDEX "CLTERRITORY"."AUTH_PERM_CONTENT_T_01AB375A_U" ON "CLTERRITORY"."AUTH_PERMISSION" ("CONTENT_TYPE_ID", "CODENAME") 
  PCTFREE 10 INITRANS 2 MAXTRANS 255 COMPUTE STATISTICS 
  STORAGE(INITIAL 65536 NEXT 1048576 MINEXTENTS 1 MAXEXTENTS 2147483645
  PCTINCREASE 0 FREELISTS 1 FREELIST GROUPS 1
  BUFFER_POOL DEFAULT FLASH_CACHE DEFAULT CELL_FLASH_CACHE DEFAULT)
  TABLESPACE "USERS" ;
--------------------------------------------------------
--  DDL for Index AUTH_USER_USER_ID_G_94350C0C_U
--------------------------------------------------------

  CREATE UNIQUE INDEX "CLTERRITORY"."AUTH_USER_USER_ID_G_94350C0C_U" ON "CLTERRITORY"."AUTH_USER_GROUPS" ("USER_ID", "GROUP_ID") 
  PCTFREE 10 INITRANS 2 MAXTRANS 255 COMPUTE STATISTICS 
  TABLESPACE "USERS" ;
--------------------------------------------------------
--  DDL for Index AUTH_USER_USER_ID_P_14A6B632_U
--------------------------------------------------------

  CREATE UNIQUE INDEX "CLTERRITORY"."AUTH_USER_USER_ID_P_14A6B632_U" ON "CLTERRITORY"."AUTH_USER_USER_PERMISSIONS" ("USER_ID", "PERMISSION_ID") 
  PCTFREE 10 INITRANS 2 MAXTRANS 255 COMPUTE STATISTICS 
  TABLESPACE "USERS" ;
--------------------------------------------------------
--  DDL for Index DJANGO_CO_APP_LABEL_76BD3D3B_U
--------------------------------------------------------

  CREATE UNIQUE INDEX "CLTERRITORY"."DJANGO_CO_APP_LABEL_76BD3D3B_U" ON "CLTERRITORY"."DJANGO_CONTENT_TYPE" ("APP_LABEL", "MODEL") 
  PCTFREE 10 INITRANS 2 MAXTRANS 255 COMPUTE STATISTICS 
  STORAGE(INITIAL 65536 NEXT 1048576 MINEXTENTS 1 MAXEXTENTS 2147483645
  PCTINCREASE 0 FREELISTS 1 FREELIST GROUPS 1
  BUFFER_POOL DEFAULT FLASH_CACHE DEFAULT CELL_FLASH_CACHE DEFAULT)
  TABLESPACE "USERS" ;
--------------------------------------------------------
--  DDL for Index AUTH_USER__USER_ID_A95EAD1B
--------------------------------------------------------

  CREATE INDEX "CLTERRITORY"."AUTH_USER__USER_ID_A95EAD1B" ON "CLTERRITORY"."AUTH_USER_USER_PERMISSIONS" ("USER_ID") 
  PCTFREE 10 INITRANS 2 MAXTRANS 255 COMPUTE STATISTICS 
  TABLESPACE "USERS" ;
--------------------------------------------------------
--  DDL for Index DJANGO_SES_EXPIRE_DAT_A5C62663
--------------------------------------------------------

  CREATE INDEX "CLTERRITORY"."DJANGO_SES_EXPIRE_DAT_A5C62663" ON "CLTERRITORY"."DJANGO_SESSION" ("EXPIRE_DATE") 
  PCTFREE 10 INITRANS 2 MAXTRANS 255 COMPUTE STATISTICS 
  TABLESPACE "USERS" ;
--------------------------------------------------------
--  DDL for Index AUTH_GROUP_GROUP_ID_B120CBF9
--------------------------------------------------------

  CREATE INDEX "CLTERRITORY"."AUTH_GROUP_GROUP_ID_B120CBF9" ON "CLTERRITORY"."AUTH_GROUP_PERMISSIONS" ("GROUP_ID") 
  PCTFREE 10 INITRANS 2 MAXTRANS 255 COMPUTE STATISTICS 
  TABLESPACE "USERS" ;
--------------------------------------------------------
--  DDL for Index AUTH_PERMI_CONTENT_TY_2F476E4B
--------------------------------------------------------

  CREATE INDEX "CLTERRITORY"."AUTH_PERMI_CONTENT_TY_2F476E4B" ON "CLTERRITORY"."AUTH_PERMISSION" ("CONTENT_TYPE_ID") 
  PCTFREE 10 INITRANS 2 MAXTRANS 255 COMPUTE STATISTICS 
  STORAGE(INITIAL 65536 NEXT 1048576 MINEXTENTS 1 MAXEXTENTS 2147483645
  PCTINCREASE 0 FREELISTS 1 FREELIST GROUPS 1
  BUFFER_POOL DEFAULT FLASH_CACHE DEFAULT CELL_FLASH_CACHE DEFAULT)
  TABLESPACE "USERS" ;
--------------------------------------------------------
--  DDL for Index AUTH_USER__USER_ID_6A12ED8B
--------------------------------------------------------

  CREATE INDEX "CLTERRITORY"."AUTH_USER__USER_ID_6A12ED8B" ON "CLTERRITORY"."AUTH_USER_GROUPS" ("USER_ID") 
  PCTFREE 10 INITRANS 2 MAXTRANS 255 COMPUTE STATISTICS 
  TABLESPACE "USERS" ;
--------------------------------------------------------
--  DDL for Index AUTH_USER__PERMISSION_1FBB5F2C
--------------------------------------------------------

  CREATE INDEX "CLTERRITORY"."AUTH_USER__PERMISSION_1FBB5F2C" ON "CLTERRITORY"."AUTH_USER_USER_PERMISSIONS" ("PERMISSION_ID") 
  PCTFREE 10 INITRANS 2 MAXTRANS 255 COMPUTE STATISTICS 
  TABLESPACE "USERS" ;
--------------------------------------------------------
--  DDL for Index CLTERRITOR_IDREGION_7F233775
--------------------------------------------------------

  CREATE INDEX "CLTERRITORY"."CLTERRITOR_IDREGION_7F233775" ON "CLTERRITORY"."CLTERRITORYAPI_COMUNA" ("IDREGION") 
  PCTFREE 10 INITRANS 2 MAXTRANS 255 COMPUTE STATISTICS 
  STORAGE(INITIAL 65536 NEXT 1048576 MINEXTENTS 1 MAXEXTENTS 2147483645
  PCTINCREASE 0 FREELISTS 1 FREELIST GROUPS 1
  BUFFER_POOL DEFAULT FLASH_CACHE DEFAULT CELL_FLASH_CACHE DEFAULT)
  TABLESPACE "USERS" ;
--------------------------------------------------------
--  DDL for Index DJANGO_ADM_CONTENT_TY_C4BCE8EB
--------------------------------------------------------

  CREATE INDEX "CLTERRITORY"."DJANGO_ADM_CONTENT_TY_C4BCE8EB" ON "CLTERRITORY"."DJANGO_ADMIN_LOG" ("CONTENT_TYPE_ID") 
  PCTFREE 10 INITRANS 2 MAXTRANS 255 COMPUTE STATISTICS 
  TABLESPACE "USERS" ;
--------------------------------------------------------
--  DDL for Index AUTH_USER__GROUP_ID_97559544
--------------------------------------------------------

  CREATE INDEX "CLTERRITORY"."AUTH_USER__GROUP_ID_97559544" ON "CLTERRITORY"."AUTH_USER_GROUPS" ("GROUP_ID") 
  PCTFREE 10 INITRANS 2 MAXTRANS 255 COMPUTE STATISTICS 
  TABLESPACE "USERS" ;
--------------------------------------------------------
--  DDL for Index AUTH_GROUP_PERMISSION_84C5C92E
--------------------------------------------------------

  CREATE INDEX "CLTERRITORY"."AUTH_GROUP_PERMISSION_84C5C92E" ON "CLTERRITORY"."AUTH_GROUP_PERMISSIONS" ("PERMISSION_ID") 
  PCTFREE 10 INITRANS 2 MAXTRANS 255 COMPUTE STATISTICS 
  TABLESPACE "USERS" ;
--------------------------------------------------------
--  DDL for Index DJANGO_ADM_USER_ID_C564EBA6
--------------------------------------------------------

  CREATE INDEX "CLTERRITORY"."DJANGO_ADM_USER_ID_C564EBA6" ON "CLTERRITORY"."DJANGO_ADMIN_LOG" ("USER_ID") 
  PCTFREE 10 INITRANS 2 MAXTRANS 255 COMPUTE STATISTICS 
  TABLESPACE "USERS" ;
--------------------------------------------------------
--  Constraints for Table DJANGO_SESSION
--------------------------------------------------------

  ALTER TABLE "CLTERRITORY"."DJANGO_SESSION" MODIFY ("SESSION_KEY" NOT NULL ENABLE);
  ALTER TABLE "CLTERRITORY"."DJANGO_SESSION" MODIFY ("EXPIRE_DATE" NOT NULL ENABLE);
  ALTER TABLE "CLTERRITORY"."DJANGO_SESSION" ADD PRIMARY KEY ("SESSION_KEY")
  USING INDEX PCTFREE 10 INITRANS 2 MAXTRANS 255 COMPUTE STATISTICS 
  TABLESPACE "USERS"  ENABLE;
--------------------------------------------------------
--  Constraints for Table AUTH_PERMISSION
--------------------------------------------------------

  ALTER TABLE "CLTERRITORY"."AUTH_PERMISSION" MODIFY ("ID" NOT NULL ENABLE);
  ALTER TABLE "CLTERRITORY"."AUTH_PERMISSION" MODIFY ("CONTENT_TYPE_ID" NOT NULL ENABLE);
  ALTER TABLE "CLTERRITORY"."AUTH_PERMISSION" ADD PRIMARY KEY ("ID")
  USING INDEX PCTFREE 10 INITRANS 2 MAXTRANS 255 COMPUTE STATISTICS 
  STORAGE(INITIAL 65536 NEXT 1048576 MINEXTENTS 1 MAXEXTENTS 2147483645
  PCTINCREASE 0 FREELISTS 1 FREELIST GROUPS 1
  BUFFER_POOL DEFAULT FLASH_CACHE DEFAULT CELL_FLASH_CACHE DEFAULT)
  TABLESPACE "USERS"  ENABLE;
  ALTER TABLE "CLTERRITORY"."AUTH_PERMISSION" ADD CONSTRAINT "AUTH_PERM_CONTENT_T_01AB375A_U" UNIQUE ("CONTENT_TYPE_ID", "CODENAME")
  USING INDEX PCTFREE 10 INITRANS 2 MAXTRANS 255 COMPUTE STATISTICS 
  STORAGE(INITIAL 65536 NEXT 1048576 MINEXTENTS 1 MAXEXTENTS 2147483645
  PCTINCREASE 0 FREELISTS 1 FREELIST GROUPS 1
  BUFFER_POOL DEFAULT FLASH_CACHE DEFAULT CELL_FLASH_CACHE DEFAULT)
  TABLESPACE "USERS"  ENABLE;
--------------------------------------------------------
--  Constraints for Table DJANGO_MIGRATIONS
--------------------------------------------------------

  ALTER TABLE "CLTERRITORY"."DJANGO_MIGRATIONS" MODIFY ("ID" NOT NULL ENABLE);
  ALTER TABLE "CLTERRITORY"."DJANGO_MIGRATIONS" MODIFY ("APPLIED" NOT NULL ENABLE);
  ALTER TABLE "CLTERRITORY"."DJANGO_MIGRATIONS" ADD PRIMARY KEY ("ID")
  USING INDEX PCTFREE 10 INITRANS 2 MAXTRANS 255 COMPUTE STATISTICS 
  STORAGE(INITIAL 65536 NEXT 1048576 MINEXTENTS 1 MAXEXTENTS 2147483645
  PCTINCREASE 0 FREELISTS 1 FREELIST GROUPS 1
  BUFFER_POOL DEFAULT FLASH_CACHE DEFAULT CELL_FLASH_CACHE DEFAULT)
  TABLESPACE "USERS"  ENABLE;
--------------------------------------------------------
--  Constraints for Table AUTH_GROUP_PERMISSIONS
--------------------------------------------------------

  ALTER TABLE "CLTERRITORY"."AUTH_GROUP_PERMISSIONS" MODIFY ("ID" NOT NULL ENABLE);
  ALTER TABLE "CLTERRITORY"."AUTH_GROUP_PERMISSIONS" MODIFY ("GROUP_ID" NOT NULL ENABLE);
  ALTER TABLE "CLTERRITORY"."AUTH_GROUP_PERMISSIONS" MODIFY ("PERMISSION_ID" NOT NULL ENABLE);
  ALTER TABLE "CLTERRITORY"."AUTH_GROUP_PERMISSIONS" ADD PRIMARY KEY ("ID")
  USING INDEX PCTFREE 10 INITRANS 2 MAXTRANS 255 COMPUTE STATISTICS 
  TABLESPACE "USERS"  ENABLE;
  ALTER TABLE "CLTERRITORY"."AUTH_GROUP_PERMISSIONS" ADD CONSTRAINT "AUTH_GROU_GROUP_ID__0CD325B0_U" UNIQUE ("GROUP_ID", "PERMISSION_ID")
  USING INDEX PCTFREE 10 INITRANS 2 MAXTRANS 255 COMPUTE STATISTICS 
  TABLESPACE "USERS"  ENABLE;
--------------------------------------------------------
--  Constraints for Table CLTERRITORYAPI_REGION
--------------------------------------------------------

  ALTER TABLE "CLTERRITORY"."CLTERRITORYAPI_REGION" MODIFY ("IDREGION" NOT NULL ENABLE);
  ALTER TABLE "CLTERRITORY"."CLTERRITORYAPI_REGION" ADD PRIMARY KEY ("IDREGION")
  USING INDEX PCTFREE 10 INITRANS 2 MAXTRANS 255 COMPUTE STATISTICS 
  STORAGE(INITIAL 65536 NEXT 1048576 MINEXTENTS 1 MAXEXTENTS 2147483645
  PCTINCREASE 0 FREELISTS 1 FREELIST GROUPS 1
  BUFFER_POOL DEFAULT FLASH_CACHE DEFAULT CELL_FLASH_CACHE DEFAULT)
  TABLESPACE "USERS"  ENABLE;
--------------------------------------------------------
--  Constraints for Table AUTH_USER_GROUPS
--------------------------------------------------------

  ALTER TABLE "CLTERRITORY"."AUTH_USER_GROUPS" MODIFY ("ID" NOT NULL ENABLE);
  ALTER TABLE "CLTERRITORY"."AUTH_USER_GROUPS" MODIFY ("USER_ID" NOT NULL ENABLE);
  ALTER TABLE "CLTERRITORY"."AUTH_USER_GROUPS" MODIFY ("GROUP_ID" NOT NULL ENABLE);
  ALTER TABLE "CLTERRITORY"."AUTH_USER_GROUPS" ADD PRIMARY KEY ("ID")
  USING INDEX PCTFREE 10 INITRANS 2 MAXTRANS 255 COMPUTE STATISTICS 
  TABLESPACE "USERS"  ENABLE;
  ALTER TABLE "CLTERRITORY"."AUTH_USER_GROUPS" ADD CONSTRAINT "AUTH_USER_USER_ID_G_94350C0C_U" UNIQUE ("USER_ID", "GROUP_ID")
  USING INDEX PCTFREE 10 INITRANS 2 MAXTRANS 255 COMPUTE STATISTICS 
  TABLESPACE "USERS"  ENABLE;
--------------------------------------------------------
--  Constraints for Table DJANGO_ADMIN_LOG
--------------------------------------------------------

  ALTER TABLE "CLTERRITORY"."DJANGO_ADMIN_LOG" MODIFY ("ID" NOT NULL ENABLE);
  ALTER TABLE "CLTERRITORY"."DJANGO_ADMIN_LOG" MODIFY ("ACTION_TIME" NOT NULL ENABLE);
  ALTER TABLE "CLTERRITORY"."DJANGO_ADMIN_LOG" MODIFY ("ACTION_FLAG" NOT NULL ENABLE);
  ALTER TABLE "CLTERRITORY"."DJANGO_ADMIN_LOG" MODIFY ("USER_ID" NOT NULL ENABLE);
  ALTER TABLE "CLTERRITORY"."DJANGO_ADMIN_LOG" ADD CHECK ("ACTION_FLAG" >= 0) ENABLE;
  ALTER TABLE "CLTERRITORY"."DJANGO_ADMIN_LOG" ADD PRIMARY KEY ("ID")
  USING INDEX PCTFREE 10 INITRANS 2 MAXTRANS 255 COMPUTE STATISTICS 
  TABLESPACE "USERS"  ENABLE;
--------------------------------------------------------
--  Constraints for Table AUTH_GROUP
--------------------------------------------------------

  ALTER TABLE "CLTERRITORY"."AUTH_GROUP" MODIFY ("ID" NOT NULL ENABLE);
  ALTER TABLE "CLTERRITORY"."AUTH_GROUP" ADD PRIMARY KEY ("ID")
  USING INDEX PCTFREE 10 INITRANS 2 MAXTRANS 255 COMPUTE STATISTICS 
  TABLESPACE "USERS"  ENABLE;
  ALTER TABLE "CLTERRITORY"."AUTH_GROUP" ADD UNIQUE ("NAME")
  USING INDEX PCTFREE 10 INITRANS 2 MAXTRANS 255 COMPUTE STATISTICS 
  TABLESPACE "USERS"  ENABLE;
--------------------------------------------------------
--  Constraints for Table CLTERRITORYAPI_COMUNA
--------------------------------------------------------

  ALTER TABLE "CLTERRITORY"."CLTERRITORYAPI_COMUNA" MODIFY ("IDCOMUNA" NOT NULL ENABLE);
  ALTER TABLE "CLTERRITORY"."CLTERRITORYAPI_COMUNA" MODIFY ("IDREGION" NOT NULL ENABLE);
  ALTER TABLE "CLTERRITORY"."CLTERRITORYAPI_COMUNA" ADD PRIMARY KEY ("IDCOMUNA")
  USING INDEX PCTFREE 10 INITRANS 2 MAXTRANS 255 COMPUTE STATISTICS 
  STORAGE(INITIAL 65536 NEXT 1048576 MINEXTENTS 1 MAXEXTENTS 2147483645
  PCTINCREASE 0 FREELISTS 1 FREELIST GROUPS 1
  BUFFER_POOL DEFAULT FLASH_CACHE DEFAULT CELL_FLASH_CACHE DEFAULT)
  TABLESPACE "USERS"  ENABLE;
--------------------------------------------------------
--  Constraints for Table AUTH_USER
--------------------------------------------------------

  ALTER TABLE "CLTERRITORY"."AUTH_USER" MODIFY ("ID" NOT NULL ENABLE);
  ALTER TABLE "CLTERRITORY"."AUTH_USER" MODIFY ("IS_SUPERUSER" NOT NULL ENABLE);
  ALTER TABLE "CLTERRITORY"."AUTH_USER" MODIFY ("IS_STAFF" NOT NULL ENABLE);
  ALTER TABLE "CLTERRITORY"."AUTH_USER" MODIFY ("IS_ACTIVE" NOT NULL ENABLE);
  ALTER TABLE "CLTERRITORY"."AUTH_USER" MODIFY ("DATE_JOINED" NOT NULL ENABLE);
  ALTER TABLE "CLTERRITORY"."AUTH_USER" ADD CHECK ("IS_SUPERUSER" IN (0,1)) ENABLE;
  ALTER TABLE "CLTERRITORY"."AUTH_USER" ADD CHECK ("IS_STAFF" IN (0,1)) ENABLE;
  ALTER TABLE "CLTERRITORY"."AUTH_USER" ADD CHECK ("IS_ACTIVE" IN (0,1)) ENABLE;
  ALTER TABLE "CLTERRITORY"."AUTH_USER" ADD PRIMARY KEY ("ID")
  USING INDEX PCTFREE 10 INITRANS 2 MAXTRANS 255 COMPUTE STATISTICS 
  TABLESPACE "USERS"  ENABLE;
  ALTER TABLE "CLTERRITORY"."AUTH_USER" ADD UNIQUE ("USERNAME")
  USING INDEX PCTFREE 10 INITRANS 2 MAXTRANS 255 COMPUTE STATISTICS 
  TABLESPACE "USERS"  ENABLE;
--------------------------------------------------------
--  Constraints for Table DJANGO_CONTENT_TYPE
--------------------------------------------------------

  ALTER TABLE "CLTERRITORY"."DJANGO_CONTENT_TYPE" MODIFY ("ID" NOT NULL ENABLE);
  ALTER TABLE "CLTERRITORY"."DJANGO_CONTENT_TYPE" ADD PRIMARY KEY ("ID")
  USING INDEX PCTFREE 10 INITRANS 2 MAXTRANS 255 COMPUTE STATISTICS 
  STORAGE(INITIAL 65536 NEXT 1048576 MINEXTENTS 1 MAXEXTENTS 2147483645
  PCTINCREASE 0 FREELISTS 1 FREELIST GROUPS 1
  BUFFER_POOL DEFAULT FLASH_CACHE DEFAULT CELL_FLASH_CACHE DEFAULT)
  TABLESPACE "USERS"  ENABLE;
  ALTER TABLE "CLTERRITORY"."DJANGO_CONTENT_TYPE" ADD CONSTRAINT "DJANGO_CO_APP_LABEL_76BD3D3B_U" UNIQUE ("APP_LABEL", "MODEL")
  USING INDEX PCTFREE 10 INITRANS 2 MAXTRANS 255 COMPUTE STATISTICS 
  STORAGE(INITIAL 65536 NEXT 1048576 MINEXTENTS 1 MAXEXTENTS 2147483645
  PCTINCREASE 0 FREELISTS 1 FREELIST GROUPS 1
  BUFFER_POOL DEFAULT FLASH_CACHE DEFAULT CELL_FLASH_CACHE DEFAULT)
  TABLESPACE "USERS"  ENABLE;
--------------------------------------------------------
--  Constraints for Table AUTH_USER_USER_PERMISSIONS
--------------------------------------------------------

  ALTER TABLE "CLTERRITORY"."AUTH_USER_USER_PERMISSIONS" MODIFY ("ID" NOT NULL ENABLE);
  ALTER TABLE "CLTERRITORY"."AUTH_USER_USER_PERMISSIONS" MODIFY ("USER_ID" NOT NULL ENABLE);
  ALTER TABLE "CLTERRITORY"."AUTH_USER_USER_PERMISSIONS" MODIFY ("PERMISSION_ID" NOT NULL ENABLE);
  ALTER TABLE "CLTERRITORY"."AUTH_USER_USER_PERMISSIONS" ADD PRIMARY KEY ("ID")
  USING INDEX PCTFREE 10 INITRANS 2 MAXTRANS 255 COMPUTE STATISTICS 
  TABLESPACE "USERS"  ENABLE;
  ALTER TABLE "CLTERRITORY"."AUTH_USER_USER_PERMISSIONS" ADD CONSTRAINT "AUTH_USER_USER_ID_P_14A6B632_U" UNIQUE ("USER_ID", "PERMISSION_ID")
  USING INDEX PCTFREE 10 INITRANS 2 MAXTRANS 255 COMPUTE STATISTICS 
  TABLESPACE "USERS"  ENABLE;
--------------------------------------------------------
--  Ref Constraints for Table AUTH_GROUP_PERMISSIONS
--------------------------------------------------------

  ALTER TABLE "CLTERRITORY"."AUTH_GROUP_PERMISSIONS" ADD CONSTRAINT "AUTH_GROU_GROUP_ID_B120CBF9_F" FOREIGN KEY ("GROUP_ID")
	  REFERENCES "CLTERRITORY"."AUTH_GROUP" ("ID") DEFERRABLE INITIALLY DEFERRED ENABLE;
  ALTER TABLE "CLTERRITORY"."AUTH_GROUP_PERMISSIONS" ADD CONSTRAINT "AUTH_GROU_PERMISSIO_84C5C92E_F" FOREIGN KEY ("PERMISSION_ID")
	  REFERENCES "CLTERRITORY"."AUTH_PERMISSION" ("ID") DEFERRABLE INITIALLY DEFERRED ENABLE;
--------------------------------------------------------
--  Ref Constraints for Table AUTH_PERMISSION
--------------------------------------------------------

  ALTER TABLE "CLTERRITORY"."AUTH_PERMISSION" ADD CONSTRAINT "AUTH_PERM_CONTENT_T_2F476E4B_F" FOREIGN KEY ("CONTENT_TYPE_ID")
	  REFERENCES "CLTERRITORY"."DJANGO_CONTENT_TYPE" ("ID") DEFERRABLE INITIALLY DEFERRED ENABLE;
--------------------------------------------------------
--  Ref Constraints for Table AUTH_USER_GROUPS
--------------------------------------------------------

  ALTER TABLE "CLTERRITORY"."AUTH_USER_GROUPS" ADD CONSTRAINT "AUTH_USER_USER_ID_6A12ED8B_F" FOREIGN KEY ("USER_ID")
	  REFERENCES "CLTERRITORY"."AUTH_USER" ("ID") DEFERRABLE INITIALLY DEFERRED ENABLE;
  ALTER TABLE "CLTERRITORY"."AUTH_USER_GROUPS" ADD CONSTRAINT "AUTH_USER_GROUP_ID_97559544_F" FOREIGN KEY ("GROUP_ID")
	  REFERENCES "CLTERRITORY"."AUTH_GROUP" ("ID") DEFERRABLE INITIALLY DEFERRED ENABLE;
--------------------------------------------------------
--  Ref Constraints for Table AUTH_USER_USER_PERMISSIONS
--------------------------------------------------------

  ALTER TABLE "CLTERRITORY"."AUTH_USER_USER_PERMISSIONS" ADD CONSTRAINT "AUTH_USER_USER_ID_A95EAD1B_F" FOREIGN KEY ("USER_ID")
	  REFERENCES "CLTERRITORY"."AUTH_USER" ("ID") DEFERRABLE INITIALLY DEFERRED ENABLE;
  ALTER TABLE "CLTERRITORY"."AUTH_USER_USER_PERMISSIONS" ADD CONSTRAINT "AUTH_USER_PERMISSIO_1FBB5F2C_F" FOREIGN KEY ("PERMISSION_ID")
	  REFERENCES "CLTERRITORY"."AUTH_PERMISSION" ("ID") DEFERRABLE INITIALLY DEFERRED ENABLE;
--------------------------------------------------------
--  Ref Constraints for Table CLTERRITORYAPI_COMUNA
--------------------------------------------------------

  ALTER TABLE "CLTERRITORY"."CLTERRITORYAPI_COMUNA" ADD CONSTRAINT "CLTERRITO_IDREGION_7F233775_F" FOREIGN KEY ("IDREGION")
	  REFERENCES "CLTERRITORY"."CLTERRITORYAPI_REGION" ("IDREGION") DEFERRABLE INITIALLY DEFERRED ENABLE;
--------------------------------------------------------
--  Ref Constraints for Table DJANGO_ADMIN_LOG
--------------------------------------------------------

  ALTER TABLE "CLTERRITORY"."DJANGO_ADMIN_LOG" ADD CONSTRAINT "DJANGO_AD_CONTENT_T_C4BCE8EB_F" FOREIGN KEY ("CONTENT_TYPE_ID")
	  REFERENCES "CLTERRITORY"."DJANGO_CONTENT_TYPE" ("ID") DEFERRABLE INITIALLY DEFERRED ENABLE;
  ALTER TABLE "CLTERRITORY"."DJANGO_ADMIN_LOG" ADD CONSTRAINT "DJANGO_AD_USER_ID_C564EBA6_F" FOREIGN KEY ("USER_ID")
	  REFERENCES "CLTERRITORY"."AUTH_USER" ("ID") DEFERRABLE INITIALLY DEFERRED ENABLE;
